Workbook
Name _ftnref1: TRL!#REF!

Sheet conversion factors
D1: calculated from JEC_WTT_v5 | I1: estimation based on tender 1 values | M1: Background data RED (2009) | Q1: JEC_WTT_v5
A2: Nr. | B2: Value Chain | C2: Fuel | D2: product yield [t product / t feedstock] | E2: toe/t | F2: combined factor [toe product / t feedstock] | G2: (product in Mtoe) = (feedstock in Mt) * (t product / t feedstock) * (toe/t) | I2: effiency [MJ/MJ] | J2: product yield [t/t] | M2: Fuel | N2: toe/t | O2: LHV [MJ/kg] | Q2: IVC | R2: Pathway | S2: Yield | T2: Unit
A3: 1 | B3: Transesterification | C3: FAME | D3: 0.965 | E3: 0.88372982 | F3: =D3*E3 -> 0.85279927 | G3: LHV of feedstock and product quite similar | I3: 1 | J3: =I3 -> 1 | M3: Ethanol | N3: 0.64488392 | O3: 27 | Q3: 1 | R3: WOFA | S3: 0.965 | T3: MJ product/MJ oil
A4: 2 | B4: Hydrotreatment of Lipids | C4: HVO | D4: =1.039/2 -> 0.5195 | E4: 1.0509219 | F4: =D4*E4 -> 0.54595395 | G4: LHV of feedstock and product quite similar; 50% HVO, 50% HEFA | I4: 1 | J4: =I4 -> 1 | M4: ETBE | N4: 0.85984523 | O4: 36 | Q4: 2 | R4: WOHY1e | S4: 1.039 | T4: MJ product/MJ oil
C5: HEFA | D5: =1.039/2 -> 0.5195 | E5: 1.0270374 | F5: =D5*E5 -> 0.53354591 | G5: 50% HVO, 50% HEFA | M5: Methanol | N5: 0.47769179 | O5: 20 | Q5: 4 | R5: SBET | S5: 0.0777 | T5: kg ethanol/kg sugar beet
A6: 3 | B6: Lignin Boost of Fatty Acids and Co-processing in Refinery | C6: Renewable diesel | D6: 2 | E6: 1.0509219 | F6: =D6*E6 -> 2.1018439 | G6: 1 t fatty acid + 1 t lignin = 2 t product | M6: MTBE | N6: 0.83596064 | O6: 35 | R6: SBET | S6: 0.058 | T6: kg pulp/kg sugar beet
A7: 4 | B7: Sugar and Starch Fermentation to Ethanol | C7: Ethanol | D7: =1000/5500 -> 0.18181818 | E7: 0.64488392 | F7: =D7*E7 -> 0.11725162 | G7: St1 Etanolix 5,500 t of bakery waste --> 1,000 t of ethanol | M7: DME | N7: 0.66876851 | O7: 28 | R7: SBET | S7: =S5/S6 -> 1.3396552 | T7: kg ethanol/kg pulp
C8: ATJ-SPK | D8: =D11*D7 -> 0.10909091 | E8: 0.64488392 | F8: =D8*E8 -> 0.070350973 | M8: TAEE | N8: 0.90761441 | O8: 38 | Q8: 5 | R8: STET1 | S8: 0.283 | T8: MJ ethanol/MJ straw
A9: 5 | B9: Fermentation of Lignocellulosic Materials to Ethanol | C9: Advanced ethanol | D9: 0.182 | E9: 0.64488392 | F9: =D9*E9 -> 0.11736887 | I9: 0.41 | J9: =I9/O3*O27 -> 0.26118519 | M9: Butanol | N9: 0.78819146 | O9: 33 | R9: STET1 | S9: =S8/26.8*17.2 -> 0.18162687 | T9: t ethanol/t straw
C10: ATJ-SPK | D10: =D11*D9 -> 0.1092 | E10: 0.64488392 | F10: =D10*E10 -> 0.070421324 | I10: =I9*0.4 -> 0.164 | M10: Otto | N10: 1.0270374 | O10: 43 | Q10: 7 | R10: OWGC21 | S10: 0.462 | T10: MJ raw gas/MJ manure
A11: 6 | B11: ATJ / MTJ | C11: ATJ-SPK | D11: 0.6 | E11: 1.0270374 | F11: =D11*E11 -> 0.61622241 | G11: several sources, see Doris notes | I11: 0.4 | J11: =I11/O19*O3 -> 0.25116279 | M11: Biodiesel | N11: 0.88372982 | O11: 37 | R11: OWGC21 | S11: 0.97 | T11: MJ biomethane/MJ raw gas
A12: 7 | B12: Biomethane from Anaerobic Digestion | C12: Biomethane | D12: 0.28 | E12: 1.1951849 | F12: =D12*E12 -> 0.33465176 | G12: using a combination of straw and manure as feedstock according to availability | I12: 1 | J12: =I12/O16*O30 -> 0.36 | M12: FT-Diesel | N12: 1.0509219 | O12: 44 | R12: OWGC21 | S12: =S10*S11/46.1*12 -> 0.11665249 | T12: t biomethane/t manure
C13: Biomethane | D13: =D12 -> 0.28 | E13: 1.1951849 | F13: =D13*E13 -> 0.33465176 | M13: HVO | N13: 1.0509219 | O13: 44 | Q13: 7 | R13: OWCG5 | S13: 1.3978 | T13: MJ raw gas/MJ crop
A14: 8a | B14: Gasification and Methanolysis | C14: Methanol | D14: 0.48693467 | E14: 0.47769179 | F14: =D14*E14 -> 0.2326047 | I14: 0.58 | J14: =I14/O5*O29 -> 0.551 | M14: PPO | N14: 0.88372982 | O14: 37 | R14: OWCG5 | S14: 0.97 | T14: MJ biomethane/MJ raw gas
A15: 8b | B15: Methane reforming and Methanolysis | C15: Methanol | D15: 1.6886231 | E15: 0.47769179 | F15: =D15*E15 -> 0.8066414 | M15: Diesel | N15: 1.0270374 | O15: 43 | R15: OWCG5 | S15: =S13*S14/46.1*18 -> 0.52940538 | T15: t biomethane/t crop
A16: 8c | B16: Methanolysis from CO2 and H2 | C16: e-Methanol | D16: 0.67451351 | E16: 0.47769179 | F16: =D16*E16 -> 0.32220957 | M16: Biomethane | N16: 1.1951849 | O16: 50 | Q16: 7 | R16: combined | S16: =(67*S15+102*S12)/(67+102) -> 0.28028825 | T16: t biomethane/t combined feedstock
A17: 8d | B17: Methanol from pulping | C17: Methanol | D17: 0.01 | E17: 0.47769179 | F17: =D17*E17 -> 0.0047769179 | G17: 10 kg of methanol per 1 t of pulp | M17: Natural Gas / CNG | N17: 1.1951849 | O17: 50 | Q17: 8a | R17: WMD | S17: 0.51 | T17: efficiency, assumed it is MJ methanol/MJ wood
A18: 9a | B18: Gasification and Methanation | C18: Methane | D18: 0.27366594 | E18: 1.1951849 | F18: =D18*E18 -> 0.32708139 | I18: 0.71 | J18: =I18/O16*O29 -> 0.2698 | M18: Natural Gas / LNG | O18: 50 | R18: WMD | S18: 19.9 | T18: LHV methanol MJ/kg
C19: Methane | D19: 0.27366594 | E19: 1.1951849 | F19: =D19*E19 -> 0.32708139 | M19: ATJ | N19: 1.0270374 | O19: 43 | R19: WMD | S19: 19 | T19: LHV wood MJ/kg
A20: 9b | B20: Methanation from CO2 and H2 | C20: e-Methane | D20: 0.36363636 | E20: 1.1951849 | F20: =D20*E20 -> 0.43461268 | M20: FT-SPK | O20: 43 | R20: WMD | S20: =S17/S18*S19 -> 0.48693467 | T20: t methanol/t wood
C21: e-Methane | D21: 0.36363636 | E21: 1.1951849 | F21: =D21*E21 -> 0.43461268 | M21: HTL biocrude | N21: 0.83596064 | O21: 35 | Q21: 8b | R21: GRME | S21: 0.683 | T21: efficiency, assumed it is MJ methanol/MJ methane
A22: 10 | B22: Gasification to Hydrogen | C22: Hydrogen | D22: 0.26 | E22: 2.8661508 | F22: =D22*E22 -> 0.7451992 | M22: pyrolysis oil | N22: 0.40603802 | O22: 17 | R22: GRME | S22: 19.9 | T22: LHV methanol MJ/kg
A23: 11a | B23: Gasification and FT-Synthesis | C23: FT-diesel | D23: 0.19475 | E23: 1.0509219 | F23: =D23*E23 -> 0.20466705 | I23: 0.4 | J23: =I23/O12*O29 -> 0.17272727 | R23: GRME | S23: 49.2 | T23: LHV methane MJ/kg
C24: FT-SPK | D24: =D23/2 -> 0.097375 | E24: 1.0270374 | F24: =D24*E24 -> 0.10000776 | G24: 50% share of FT-diesel amount assumed | M24: hydrogen | N24: =120/41.868 -> 2.8661508 | R24: GRME | S24: =S21/S22*S23 -> 1.6886231 | T24: t methanol/t methane
A25: 11b | B25: FT-Synthesis from CO2 and H2 | C25: e-FT-diesel | D25: 0.18 | E25: 1.0509219 | F25: =D25*E25 -> 0.18916595 | G25: average of 3 different sources (0,32 / 0,15 / 0,07) | Q25: 8c | R25: REME1 | S25: 0.0745 | T25: kg CO2/MJ methanol
C26: e-FT-SPK | D26: =D25/2 -> 0.09 | E26: 1.0270374 | F26: =D26*E26 -> 0.092433362 | G26: 50% share of FT-diesel amount assumed | M26: Feedstock | O26: LHV [MJ/kg] | R26: REME1 | S26: =1/S25/19.9 -> 0.67451351 | T26: t methanol/t CO2
A27: 12 | B27: Gas Fermentation to Ethanol | C27: Ethanol | D27: =1/2.12 -> 0.47169811 | E27: 0.64488392 | F27: =D27*E27 -> 0.30419053 | G27: Lanzatech figures | M27: Straw | O27: 17.2 | Q27: 9a | R27: WWCG2 | S27: 0.664 | T27: efficiency, assumed it is MJ methane/MJ wood
C28: ATJ-SPK | D28: =D11*D27 -> 0.28301887 | E28: 0.64488392 | F28: =D28*E28 -> 0.18251432 | M28: Manure | O28: 12 | R28: WWCG2 | S28: 46.1 | T28: LHV methane MJ/kg
A29: 13a | B29: Pyrolysis and Co-processing in Refinery | C29: Gasoline+Diesel | D29: 0.27123986 | E29: 1 | F29: =D29*E29 -> 0.27123986 | G29: the efficiency is already for diesel | I29: 0.65 | J29: =I29/O15*O27 -> 0.26 | M29: Wood | O29: 19 | R29: WWCG2 | S29: 19 | T29: LHV wood MJ/kg
C30: Bio-kerosene | D30: =D29/3 -> 0.090413287 | E30: 1 | F30: =D30*E30 -> 0.090413287 | G30: 33% share of overall amount assumed | M30: Crop (wheat, barley) | O30: 18 | R30: WWCG2 | S30: =S27/S28*S29 -> 0.27366594 | T30: t methane/t wood
A31: 13b | B31: Pyrolysis (and Thermo-Catalytic Reforming) and Upgrading (HDO) | C31: Gasoline+Diesel | D31: 0.27123986 | E31: 1 | F31: =D31*E31 -> 0.27123986 | G31: the efficiency is already for diesel | I31: 0.54 | Q31: 9b | R31: RECG1 | S31: 0.055 | T31: kg CO2/MJ methane
C32: Bio-heavy fuel oil | D32: =D31/3 -> 0.090413287 | E32: 1 | F32: =D32*E32 -> 0.090413287 | G32: 33% share of overall amount assumed | R32: RECG1 | S32: 50 | T32: LHV methane MJ/kg
A33: 14 | B33: Hydrothermal Liquefaction and Upgrading in Refinery (FCC or HDO) | C33: Diesel | D33: 0.36986079 | E33: 1 | F33: =D33*E33 -> 0.36986079 | G33: the efficiency is already for diesel | I33: 0.7 | J33: =I33/O21*O27 -> 0.344 | R33: RECG1 | S33: =1/S31/S32 -> 0.36363636 | T33: t methane/t CO2
C34: Bio-kerosene | D34: =D33/3 -> 0.12328693 | E34: 1.0270374 | F34: =D34*E34 -> 0.12662028 | G34: 33% kerosene, 67% HFO | M34: possible error in JEC_WTT_v5 | Q34: 11a | R34: WSD1 | S34: 0.451 | T34: efficiency, assumed it is MJ diesel/MJ wood | U34: based on König et al 2015: https://www.sciencedirect.com/science/article/abs/pii/S0360544215011767?via%3Dihub
C35: Bio-heavy fuel oil | D35: =D33/3*2 -> 0.24657386 | E35: 1 | F35: =D35*E35 -> 0.24657386 | G35: 33% kerosene, 67% HFO | L35: 11b | M35: RESD2 | N35: 0.3408 | O35: ass: kg CO2/MJ diesel | R35: WSD1 | S35: 44 | T35: LHV diesel MJ/kg
M36: RESD2 | N36: 44 | O36: LHV diesel MJ/kg | R36: WSD1 | S36: 19 | T36: LHV wood MJ/kg
M37: RESD2 | R37: WSD1 | S37: =S34/S35*S36 -> 0.19475 | T37: t diesel/t wood
M38: RESD2 | N38: =1/N35/N36 -> 0.066688007 | O38: t diesel/t CO2 | Q38: 11b | R38: RESD2 | S38: 0.3408 | T38: MJ CO2/MJ diesel
R39: RESD2 | S39: 44 | T39: LHV diesel MJ/kg
R40: RESD2 | T40: LHV CO2 MJ/kg
R41: RESD2 | S41: =1/S38/S39*S40 -> 0 | T41: t diesel/t CO2
Q42: 13a | R42: WxPx | S42: 0.616 | T42: efficiency, assumed it is MJ diesel/gasoline/MJ wood
Q43: 13b | R43: WxPx | S43: 43.15 | T43: LHV diesel/gasoline MJ/kg
R44: WxPx | S44: 19 | T44: LHV wood MJ/kg
R45: WxPx | S45: =S42/S43*S44 -> 0.27123986 | T45: t diesel/gasoline/t wood
Q46: 14 | R46: WxSD2 | S46: 0.839 | T46: efficiency, assumed it is MJ diesel/MJ wood
R47: WxSD2 | S47: 43.1 | T47: LHV diesel MJ/kg
R48: WxSD2 | S48: 19 | T48: LHV wood MJ/kg
R49: WxSD2 | S49: =S46/S47*S48 -> 0.36986079 | T49: t diesel/t wood
Q50: 10 | R50: WWLH1 | S50: 1.6553 | T50: MJ wood chips/MJ H2
R51: WWLH1 | S51: 119.96 | T51: LHV hydrogen MJ/kg
R52: WWLH1 | S52: =S50/S51*S48 -> 0.26217656 | T52: t hydrogen/t wood

Sheet Conversion factors selected IV 
G1: Conversion factors | I1: LHV feedstock | J1: LHV fuel
A2: Value chain | B2: VC description | C2: Feedstock | D2: Feedstock | E2: Pathway | F2: comments/ questions | G2: product yield [t product / t feedstock] | H2: MJfuel/ MJfeedstock | I2: [MJ/kg] | J2: [MJ/kg] | K2: toe/t | L2: combined factor = yield [toe product / t feedstock] | M2: Correction | O2: t/toe
A3: 1 | C3: FAME
D4: Oil crops abandoned, degraded, intercropping | F4: assumed to be the same as UCO | G4: =H4/J4*I4 -> 0.994 | H4: =([1]ROFA!$E$111+[1]SOFA!$E$107+[1]SYFA!$E$133)/3 -> 0.99937297 | I4: =[2]Props!$C$47 -> 37 | J4: =[2]Props!$C$48 -> 37.2 | K4: 0.88372982 | L4: =G4*K4 -> 0.87842744 | O4: =1/K4 -> 1.1315676
D5: UCO, brown grease, animal fat | E5: WOFA in Biodiesels | G5: =H5/J5*I5 -> 0.95978351 | H5: ='[2]Bio-processes'!$E$915 -> 0.96497153 | I5: =[2]Props!$C$47 -> 37 | J5: =[2]Props!$C$48 -> 37.2 | K5: 0.88372982 | L5: =G5*K5 -> 0.84818931 | O5: =1/K5 -> 1.1315676
A6: 2 | C6: HVO
D7: Oil crops abandoned, degraded, intercropping | E7: HVO in Biodiesels | G7: =H7/J7*I7/2 -> 0.42350471 | H7: =([1]HVO!$E$94+[1]HVO!$E$103+[1]HVO!$E$109+[1]HVO!$E$118)/4 -> 1.0072545 | I7: =[2]Props!$C$47 -> 37 | J7: =[2]Props!$C$50 -> 44 | K7: ='conversion factors'!$E$4 -> 1.0509219 | L7: =G7*K7 -> 0.4450704 | O7: =1/K7 -> 0.95154545
D8: UCO, brown grease, animal fat | E8: HVO in Biodiesels | F8: =G8*2 -> 0.87367178 | G8: =H8/J8*I8/2 -> 0.43683589 | H8: ='[2]Bio-processes'!E$888 -> 1.038961 | I8: =[2]Props!$C$47 -> 37 | J8: =[2]Props!$C$50 -> 44 | K8: ='conversion factors'!$E$4 -> 1.0509219 | L8: =G8*K8 -> 0.45908042 | O8: =1/K8 -> 0.95154545
D9: Tall oil | K9: ='conversion factors'!$E$4 -> 1.0509219 | L9: 0.69 | M9: (taken from new excel file from Dina: "additial conversion factors") | O9: =1/K9 -> 0.95154545
D10: Intermediate Bioenergy carriers (biocrude, FPBO) | G10: =H10/J10*I10/2 -> 0.15387273 | H10: 0.78 | I10: 17.36 | J10: =[2]Props!$C$50 -> 44 | K10: ='conversion factors'!$E$4 -> 1.0509219 | L10: =G10*K10 -> 0.16170823 | O10: =1/K10 -> 0.95154545
C11: HEFA
D12: Oil crops abandoned, degraded, intercropping | G12: =H12/J12*I12/2 -> 0.42350471 | H12: =([1]HVO!$E$94+[1]HVO!$E$103+[1]HVO!$E$109+[1]HVO!$E$118)/4 -> 1.0072545 | I12: =[2]Props!$C$47 -> 37 | J12: =[2]Props!$C$50 -> 44 | K12: ='conversion factors'!$E$5 -> 1.0270374 | L12: =G12*K12 -> 0.43495516 | O12: =1/K12 -> 0.97367442
D13: UCO, brown grease, animal fat | G13: =H13/J13*I13/2 -> 0.43683589 | H13: ='[2]Bio-processes'!E$888 -> 1.038961 | I13: =[2]Props!$C$47 -> 37 | J13: =[2]Props!$C$50 -> 44 | K13: ='conversion factors'!$E$5 -> 1.0270374 | L13: =G13*K13 -> 0.44864678 | O13: =1/K13 -> 0.97367442
D14: Tall oil | J14: =[2]Props!$C$50 -> 44 | K14: ='conversion factors'!$E$5 -> 1.0270374 | L14: 0.68 | M14: (taken from new excel file from Dina: "additial conversion factors") | O14: =1/K14 -> 0.97367442
D15: Intermediate Bioenergy carriers (biocrude, FPBO) | G15: =H15/J15*I15/2 -> 0.15387273 | H15: 0.78 | I15: 17.36 | J15: =[2]Props!$C$50 -> 44 | K15: ='conversion factors'!$E$5 -> 1.0270374 | L15: =G15*K15 -> 0.15803304 | O15: =1/K15 -> 0.97367442
A16: 5 | B16: Fermentation of Lignocellulosic Materials to Ethanol | C16: Advanced ethanol
D17: Straw | G17: =H17/J17*I17 -> 0.18050496 | H17: ='[2]Bio-processes'!$E$567 -> 0.28335081 | I17: =[2]Props!$C$75 -> 17.2 | J17: 27 | K17: 0.64488392 | L17: =G17*K17 -> 0.11640475 | O17: =1/K17 -> 1.5506667
D18: Lignocrops abandoned degraded | G18: =H18/J18*I18 -> 0.18050496 | H18: ='[2]Bio-processes'!$E$567 -> 0.28335081 | I18: =[2]Props!$C$75 -> 17.2 | J18: 27 | K18: 0.64488392 | L18: =G18*K18 -> 0.11640475 | O18: =1/K18 -> 1.5506667
D19: Lignocrops inter & cover cropping | G19: =H19/J19*I19 -> 0.18050496 | H19: ='[2]Bio-processes'!$E$567 -> 0.28335081 | I19: =[2]Props!$C$75 -> 17.2 | J19: 27 | K19: 0.64488392 | L19: =G19*K19 -> 0.11640475 | O19: =1/K19 -> 1.5506667
D20: Secondary forest residues | G20: =H20/J20*I20 -> 0.23616906 | H20: ='[2]Bio-processes'!$E$541 -> 0.33560866 | I20: =[2]Props!$C$64 -> 19 | J20: 27 | K20: 0.64488392 | L20: =G20*K20 -> 0.15230163 | O20: =1/K20 -> 1.5506667
A21: 5 | B21: Fermentation of Lignocellulosic Materials to Ethanol | C21: ATJ-SPK
D22: Straw | E22: STET1 in Ethanol | F22: Corrected; see Mail Dina 28.07. | G22: =H22/J22*I22*0.47 -> 0.053146356 | H22: ='[2]Bio-processes'!$E$567 -> 0.28335081 | I22: =[2]Props!$C$75 -> 17.2 | J22: 43.1 | K22: 0.64488392 | L22: =G22*K22 -> 0.03427323 | O22: =1/K22 -> 1.5506667
D23: Lignocrops abandoned degraded | E23: STET1 in Ethanol | F23: Advanced ethanol value * D11 from original conversion factor sheet (IVC 6 value) | G23: =H23/J23*I23*0.47 -> 0.053146356 | H23: ='[2]Bio-processes'!$E$567 -> 0.28335081 | I23: =[2]Props!$C$75 -> 17.2 | J23: 43.1 | K23: 0.64488392 | L23: =G23*K23 -> 0.03427323 | O23: =1/K23 -> 1.5506667
D24: Lignocrops inter & cover cropping | E24: STET1 in Ethanol | F24: Advanced ethanol value * D11 from original conversion factor sheet (IVC 6 value) | G24: =H24/J24*I24*0.47 -> 0.053146356 | H24: ='[2]Bio-processes'!$E$567 -> 0.28335081 | I24: =[2]Props!$C$75 -> 17.2 | J24: 43.1 | K24: 0.64488392 | L24: =G24*K24 -> 0.03427323 | O24: =1/K24 -> 1.5506667
D25: Secondary forest residues | E25: WW WFET1 in Ethanol | G25: =H25/J25*I25*0.47 -> 0.069535623 | H25: ='[2]Bio-processes'!$E$541 -> 0.33560866 | I25: =[2]Props!$C$64 -> 19 | J25: 43.1 | K25: 0.64488392 | L25: =G25*K25 -> 0.044842405 | O25: =1/K25 -> 1.5506667
A26: 6 | C26: ATJ-SPK
D27: Intermediate Bioenergy carrier (ethanol, methanol) | F27: directly taken from original "conversion factor" sheet | G27: 0.47 | J27: 43.1 | K27: ='conversion factors'!E11 -> 1.0270374 | L27: ='conversion factors'!F11 -> 0.61622241 | O27: =1/K27 -> 0.97367442
A28: 7 | B28: Biomethane from Anaerobic Digestion | C28: Biomethane (road) | P28: for maritime/ aviation:
D29: Prunings & damaged crops (olive stones excluded) | E29: assumed to be the same as straw | F29: for all of these: unit: MJ/MJ(crops)*MJ/MJ/(Raw gas) | G29: =H29/J29*I29 -> 0.50565326 | H29: =[3]OWCG5!$E$57*[3]OWCG5!$E$61 -> 1.3558848 | I29: =[2]Props!$C$75 -> 17.2 | J29: =[2]Props!$C$16 -> 46.12097 | K29: ='conversion factors'!$E$12 -> 1.1951849 | L29: =G29*K29 -> 0.60434912 | O29: =1/K29 -> 0.83669065
D30: Lignocrops abandoned degraded | E30: assumed to be the same as straw | G30: =H30/J30*I30 -> 0.50565326 | H30: =[3]OWCG5!$E$57*[3]OWCG5!$E$61 -> 1.3558848 | I30: =[2]Props!$C$75 -> 17.2 | J30: =[2]Props!$C$16 -> 46.12097 | K30: ='conversion factors'!$E$12 -> 1.1951849 | L30: =G30*K30 -> 0.60434912 | O30: =1/K30 -> 0.83669065
D31: Lignocrops inter & cover cropping | E31: assumed to be the same as straw | G31: =H31/J31*I31 -> 0.50565326 | H31: =[3]OWCG5!$E$57*[3]OWCG5!$E$61 -> 1.3558848 | I31: =[2]Props!$C$75 -> 17.2 | J31: =[2]Props!$C$16 -> 46.12097 | K31: ='conversion factors'!$E$12 -> 1.1951849 | L31: =G31*K31 -> 0.60434912 | O31: =1/K31 -> 0.83669065
D32: Agroprocessing residues | E32: assumed to be the same as straw | G32: =H32/J32*I32 -> 0.50565326 | H32: =[3]OWCG5!$E$57*[3]OWCG5!$E$61 -> 1.3558848 | I32: =[2]Props!$C$75 -> 17.2 | J32: =[2]Props!$C$16 -> 46.12097 | K32: ='conversion factors'!$E$12 -> 1.1951849 | L32: =G32*K32 -> 0.60434912 | O32: =1/K32 -> 0.83669065
D33: Straw | E33: OVCG5 | G33: =H33/J33*I33 -> 0.50565326 | H33: =[3]OWCG5!$E$57*[3]OWCG5!$E$61 -> 1.3558848 | I33: =[2]Props!$C$75 -> 17.2 | J33: =[2]Props!$C$16 -> 46.12097 | K33: ='conversion factors'!$E$12 -> 1.1951849 | L33: =G33*K33 -> 0.60434912 | O33: =1/K33 -> 0.83669065
D34: Manure | E34: OWGC21 | G34: =H34/J34*I34 -> 0.11659946 | H34: =[3]OWCG2!$E$56*[3]OWCG2!$E$70 -> 0.44814 | I34: =[2]Props!$C$89 -> 12 | J34: =[2]Props!$C$16 -> 46.12097 | K34: ='conversion factors'!$E$12 -> 1.1951849 | L34: =G34*K34 -> 0.1393579 | O34: =1/K34 -> 0.83669065
D35: Sewage sludge | E35: OWLCG3 | G35: =H35/J35*I35 -> 0.11659946 | H35: =[3]OWCG3!$E$52*[3]OWCG3!$E$60 -> 0.44814 | I35: 12 | J35: =[2]Props!$C$16 -> 46.12097 | K35: ='conversion factors'!$E$12 -> 1.1951849 | L35: =G35*K35 -> 0.1393579 | O35: =1/K35 -> 0.83669065
D36: Biowastes (post consumer woods excluded) | E36: OWCG1 | G36: =H36/J36*I36 -> 0.18593291 | H36: =[3]OWCG1!$E$52*[3]OWCG1!$E$62 -> 0.6860325 | I36: 12.5 | J36: =[2]Props!$C$16 -> 46.12097 | K36: ='conversion factors'!$E$12 -> 1.1951849 | L36: =G36*K36 -> 0.2222242 | O36: =1/K36 -> 0.83669065
D37: Intermediate Bioenergy carrier (crude glycerine) | L37: 0.275
A38: 8a | B38: Gasification and Methanol Synthesis | C38: Methanol
D39: Straw | G39: =H39/J39*I39 -> 0.44129562 | H39: =[4]Wxxx!$E$180 -> 0.51056877 | I39: =[2]Props!$C$75 -> 17.2 | J39: 19.9 | K39: 0.47769179 | L39: =G39*K39 -> 0.2108033 | O39: =1/K39 -> 2.0934
D40: Prunnings & damaged crops | E40: ??? | G40: =H40/J40*I40 -> 0.44129562 | H40: =[4]Wxxx!$E$180 -> 0.51056877 | I40: =[2]Props!$C$75 -> 17.2 | J40: 19.9 | K40: 0.47769179 | L40: =G40*K40 -> 0.2108033 | O40: =1/K40 -> 2.0934
D41: Sewage sludge | E41: ??? | G41: =H41/J41*I41 -> 0.30788067 | H41: =[4]Wxxx!$E$180 -> 0.51056877 | I41: 12 | J41: 19.9 | K41: 0.47769179 | L41: =G41*K41 -> 0.14707207 | O41: =1/K41 -> 2.0934
D42: Agroprocessing residues - maize cobs | E42: ??? | G42: =H42/J42*I42 -> 0.44129562 | H42: =[4]Wxxx!$E$180 -> 0.51056877 | I42: =[2]Props!$C$75 -> 17.2 | J42: 19.9 | K42: 0.47769179 | L42: =G42*K42 -> 0.2108033 | O42: =1/K42 -> 2.0934
D43: Lignocrops abandoned degraded | E43: ??? | G43: =H43/J43*I43 -> 0.44129562 | H43: =[4]Wxxx!$E$180 -> 0.51056877 | I43: =[2]Props!$C$75 -> 17.2 | J43: 19.9 | K43: 0.47769179 | L43: =G43*K43 -> 0.2108033 | O43: =1/K43 -> 2.0934
D44: Lignocrops inter & cover cropping | E44: ??? | G44: =H44/J44*I44 -> 0.44129562 | H44: =[4]Wxxx!$E$180 -> 0.51056877 | I44: =[2]Props!$C$75 -> 17.2 | J44: 19.9 | K44: 0.47769179 | L44: =G44*K44 -> 0.2108033 | O44: =1/K44 -> 2.0934
D45: Primary forestry residues | E45: Synfuels: WxME1/BLME1 | F45: Atrax 1999 | G45: =H45/J45*I45 -> 0.48747772 | H45: =[4]Wxxx!$E$180 -> 0.51056877 | I45: =[2]Props!$C$64 -> 19 | J45: 19.9 | K45: 0.47769179 | L45: =G45*K45 -> 0.23286411 | O45: =1/K45 -> 2.0934
D46: Secondary forest residues | E46: Synfuels: WxME1/BLME0 | G46: =H46/J46*I46 -> 0.48747772 | H46: =[4]Wxxx!$E$180 -> 0.51056877 | I46: =[2]Props!$C$64 -> 19 | J46: 19.9 | K46: 0.47769179 | L46: =G46*K46 -> 0.23286411 | O46: =1/K46 -> 2.0934
D47: Biowastes - Post consumer wood | E47: Synfuels: WxME1/BLME1 | G47: =H47/J47*I47 -> 0.41050756 | H47: =[4]Wxxx!$E$180 -> 0.51056877 | I47: 16 | J47: 19.9 | K47: 0.47769179 | L47: =G47*K47 -> 0.19609609 | O47: =1/K47 -> 2.0934
D48: Intermediate Bioenergy carrier (FPBO with lower quality) | E48: Can I assume this to be same as FPBO (normal quality)? | G48: =H48/J48*I48 -> 0.79651765 | H48: 0.78 | I48: 17.36 | J48: ='conversion factors'!O22 -> 17 | K48: 0.47769179 | L48: =G48*K48 -> 0.38048994 | O48: =1/K48 -> 2.0934
A49: 8b | C49: Methanol | K49: ='conversion factors'!E15 -> 0.47769179 | L49: 0.81 | M49: (taken from new excel file from Dina: "additial conversion factors") | O49: =1/K49 -> 2.0934
A50: 8c | C50: e-Methanol | K50: ='conversion factors'!E16 -> 0.47769179 | L50: 0.32 | M50: (taken from new excel file from Dina: "additial conversion factors") | O50: =1/K50 -> 2.0934
A51: 9a | B51: Gasification and Methanation | C51: Methane
D52: Straw | G52: =H52/J52*I52 -> 0.24762705 | H52: 0.664 | I52: =[2]Props!$C$75 -> 17.2 | J52: =[2]Props!$C$16 -> 46.12097 | K52: 1.1951849 | L52: =G52*K52 -> 0.29596011 | O52: =1/K52 -> 0.83669065
D53: Prunnings & damaged crops | G53: =H53/J53*I53 -> 0.24762705 | H53: 0.664 | I53: =[2]Props!$C$75 -> 17.2 | J53: =[2]Props!$C$16 -> 46.12097 | K53: 1.1951849 | L53: =G53*K53 -> 0.29596011 | O53: =1/K53 -> 0.83669065
D54: Sewage sludge | G54: =H54/J54*I54 -> 0.17276306 | H54: 0.664 | I54: 12 | J54: =[2]Props!$C$16 -> 46.12097 | K54: 1.1951849 | L54: =G54*K54 -> 0.2064838 | O54: =1/K54 -> 0.83669065
D55: Agroprocessing residues - maize cobs | G55: =H55/J55*I55 -> 0.24762705 | H55: 0.664 | I55: =[2]Props!$C$75 -> 17.2 | J55: =[2]Props!$C$16 -> 46.12097 | K55: 1.1951849 | L55: =G55*K55 -> 0.29596011 | O55: =1/K55 -> 0.83669065
D56: Lignocrops abandoned degraded | G56: =H56/J56*I56 -> 0.24762705 | H56: 0.664 | I56: =[2]Props!$C$75 -> 17.2 | J56: =[2]Props!$C$16 -> 46.12097 | K56: 1.1951849 | L56: =G56*K56 -> 0.29596011 | O56: =1/K56 -> 0.83669065
D57: Lignocrops inter & cover cropping | G57: =H57/J57*I57 -> 0.24762705 | H57: 0.664 | I57: =[2]Props!$C$75 -> 17.2 | J57: =[2]Props!$C$16 -> 46.12097 | K57: 1.1951849 | L57: =G57*K57 -> 0.29596011 | O57: =1/K57 -> 0.83669065
D58: Primary forestry residues | E58: Biomethane: WWCG2 | F58: kaltschmitt 2001 (in percentage 66,4%) | G58: =H58/J58*I58 -> 0.27354151 | H58: 0.664 | I58: =[2]Props!$C$64 -> 19 | J58: =[2]Props!$C$16 -> 46.12097 | K58: 1.1951849 | L58: =G58*K58 -> 0.32693268 | O58: =1/K58 -> 0.83669065
D59: Secondary forest residues | E59: Biomethane: WWCG3 | F59: kaltschmitt 2001 (in percentage 66,4%) | G59: =H59/J59*I59 -> 0.27354151 | H59: 0.664 | I59: =[2]Props!$C$64 -> 19 | J59: =[2]Props!$C$16 -> 46.12097 | K59: 1.1951849 | L59: =G59*K59 -> 0.32693268 | O59: =1/K59 -> 0.83669065
D60: Biowastes - Post consumer wood | E60: Biomethane: WWCG4 | F60: kaltschmitt 2001 (in percentage 66,4%) | G60: =H60/J60*I60 -> 0.23035075 | H60: 0.664 | I60: 16 | J60: =[2]Props!$C$16 -> 46.12097 | K60: 1.1951849 | L60: =G60*K60 -> 0.27531173 | O60: =1/K60 -> 0.83669065
D61: Intermediate Bioenergy carriers (FPBO with lower quality ) | E61: Can I assume this to be same as FPBO (normal quality)? | G61: =H61/J61*I61 -> 0.79651765 | H61: 0.78 | I61: 17.36 | J61: ='conversion factors'!O22 -> 17 | K61: 1.1951849 | L61: =G61*K61 -> 0.95198584 | O61: =1/K61 -> 0.83669065
A62: 9b | C62: e-Methane | K62: ='conversion factors'!E20 -> 1.1951849 | O62: =1/K62 -> 0.83669065
A63: 11a | B63: Gasification and FT-Synthesis | C63: biodiesel
D64: Straw | G64: =H64/J64*I64 -> 0.17998144 | H64: =0.451 -> 0.451 | I64: =[2]Props!$C$75 -> 17.2 | J64: 43.1 | K64: 1.0509219 | L64: =G64*K64 -> 0.18914644 | O64: =1/K64 -> 0.95154545
D65: Prunnings & damaged crops | G65: =H65/J65*I65 -> 0.17998144 | H65: =0.451 -> 0.451 | I65: =[2]Props!$C$75 -> 17.2 | J65: 43.1 | K65: 1.0509219 | L65: =G65*K65 -> 0.18914644 | O65: =1/K65 -> 0.95154545
D66: Sewage sludge | G66: =H66/J66*I66 -> 0.17998144 | H66: =0.451 -> 0.451 | I66: =[2]Props!$C$75 -> 17.2 | J66: 43.1 | K66: 1.0509219 | L66: =G66*K66 -> 0.18914644 | O66: =1/K66 -> 0.95154545
D67: Agroprocessing residues - maize cobs | G67: =H67/J67*I67 -> 0.17998144 | H67: =0.451 -> 0.451 | I67: =[2]Props!$C$75 -> 17.2 | J67: 43.1 | K67: 1.0509219 | L67: =G67*K67 -> 0.18914644 | O67: =1/K67 -> 0.95154545
D68: Lignocrops abandoned degraded | G68: =H68/J68*I68 -> 0.17998144 | H68: =0.451 -> 0.451 | I68: =[2]Props!$C$75 -> 17.2 | J68: 43.1 | K68: 1.0509219 | L68: =G68*K68 -> 0.18914644 | O68: =1/K68 -> 0.95154545
D69: Lignocrops inter & cover cropping | G69: =H69/J69*I69 -> 0.17998144 | H69: =0.451 -> 0.451 | I69: =[2]Props!$C$75 -> 17.2 | J69: 43.1 | K69: 1.0509219 | L69: =G69*K69 -> 0.18914644 | O69: =1/K69 -> 0.95154545
D70: Primary forestry residues | E70: Synfuels WSD1 | F70: Kreutz et al. 2008 (in percent: 45%) | G70: =H70/J70*I70 -> 0.19881671 | H70: =0.451 -> 0.451 | I70: =[2]Props!$C$64 -> 19 | J70: 43.1 | K70: 1.0509219 | L70: =G70*K70 -> 0.20894084 | O70: =1/K70 -> 0.95154545
D71: Secondary forest residues | E71: Synfuels WSD2 | F71: Kreutz et al. 2008 (in percent: 45%) | G71: =H71/J71*I71 -> 0.19881671 | H71: =0.451 -> 0.451 | I71: =[2]Props!$C$64 -> 19 | J71: 43.1 | K71: 1.0509219 | L71: =G71*K71 -> 0.20894084 | O71: =1/K71 -> 0.95154545
D72: Biowastes - Post consumer wood | E72: Synfuels WSD3 | F72: Kreutz et al. 2008 (in percent: 45%) | G72: =H72/J72*I72 -> 0.16742459 | H72: =0.451 -> 0.451 | I72: 16 | J72: 43.1 | K72: 1.0509219 | L72: =G72*K72 -> 0.17595018 | O72: =1/K72 -> 0.95154545
D73: Intermediate Bioenergy carriers (FPBO with lower quality ) | G73: =H73/J73*I73 -> 0.31417169 | H73: 0.78 | I73: 17.36 | J73: 43.1 | K73: 1.0509219 | L73: =G73*K73 -> 0.33016993 | O73: =1/K73 -> 0.95154545
A74: 11a | B74: Gasification and FT-Synthesis | C74: FT-SPK
D75: Straw | G75: =H75/J75*I75 -> 0.089990719 | H75: =0.451/2 -> 0.2255 | I75: =[2]Props!$C$75 -> 17.2 | J75: 43.1 | K75: 1.0270374 | L75: =G75*K75 -> 0.09242383 | O75: =1/K75 -> 0.97367442
D76: Prunnings & damaged crops | G76: =H76/J76*I76 -> 0.089990719 | H76: =0.451/2 -> 0.2255 | I76: =[2]Props!$C$75 -> 17.2 | J76: 43.1 | K76: 1.0270374 | L76: =G76*K76 -> 0.09242383 | O76: =1/K76 -> 0.97367442
D77: Sewage sludge | G77: =H77/J77*I77 -> 0.089990719 | H77: =0.451/2 -> 0.2255 | I77: =[2]Props!$C$75 -> 17.2 | J77: 43.1 | K77: 1.0270374 | L77: =G77*K77 -> 0.09242383 | O77: =1/K77 -> 0.97367442
D78: Agroprocessing residues - maize cobs | G78: =H78/J78*I78 -> 0.089990719 | H78: =0.451/2 -> 0.2255 | I78: =[2]Props!$C$75 -> 17.2 | J78: 43.1 | K78: 1.0270374 | L78: =G78*K78 -> 0.09242383 | O78: =1/K78 -> 0.97367442
D79: Lignocrops abandoned degraded | G79: =H79/J79*I79 -> 0.089990719 | H79: =0.451/2 -> 0.2255 | I79: =[2]Props!$C$75 -> 17.2 | J79: 43.1 | K79: 1.0270374 | L79: =G79*K79 -> 0.09242383 | O79: =1/K79 -> 0.97367442
D80: Lignocrops inter & cover cropping | G80: =H80/J80*I80 -> 0.089990719 | H80: =0.451/2 -> 0.2255 | I80: =[2]Props!$C$75 -> 17.2 | J80: 43.1 | K80: 1.0270374 | L80: =G80*K80 -> 0.09242383 | O80: =1/K80 -> 0.97367442
D81: Primary forestry residues | E81: Synfuels WSD1 | F81: Kreutz et al. 2008 (in percent: 45%) | G81: =H81/J81*I81 -> 0.099408353 | H81: =0.451/2 -> 0.2255 | I81: =[2]Props!$C$64 -> 19 | J81: 43.1 | K81: 1.0270374 | L81: =G81*K81 -> 0.10209609 | O81: =1/K81 -> 0.97367442
D82: Secondary forest residues | E82: Synfuels WSD2 | F82: Kreutz et al. 2008 (in percent: 45%) | G82: =H82/J82*I82 -> 0.099408353 | H82: =0.451/2 -> 0.2255 | I82: =[2]Props!$C$64 -> 19 | J82: 43.1 | K82: 1.0270374 | L82: =G82*K82 -> 0.10209609 | O82: =1/K82 -> 0.97367442
D83: Biowastes - Post consumer wood | E83: Synfuels WSD3 | F83: Kreutz et al. 2008 (in percent: 45%) | G83: =H83/J83*I83 -> 0.083712297 | H83: =0.451/2 -> 0.2255 | I83: 16 | J83: 43.1 | K83: 1.0270374 | L83: =G83*K83 -> 0.085975656 | O83: =1/K83 -> 0.97367442
D84: Intermediate Bioenergy carriers (FPBO with lower quality ) | G84: =H84/J84*I84 -> 0.15708585 | H84: =0.78/2 -> 0.39 | I84: 17.36 | J84: 43.1 | K84: 1.0270374 | L84: =G84*K84 -> 0.16133303 | O84: =1/K84 -> 0.97367442
G85: =0.2 -> 0.2
A86: 12 | B86: Gas Fermentation to Ethanol | C86: ATJ-SPK | D86: Intermediate Bioenergy carriers (Syngas) | E86: road | G86: ='conversion factors'!D27 -> 0.47169811 | K86: ='conversion factors'!E27 -> 0.64488392 | L86: =G86*K86 -> 0.30419053 | O86: =1/K86 -> 1.5506667
D87: Intermediate Bioenergy carriers (Syngas) | E87: aviation | F87: directly taken from original "conversion factor" sheet | G87: ='conversion factors'!D28 -> 0.28301887 | I87: 27 | J87: 43.1 | K87: ='conversion factors'!E28 -> 0.64488392 | L87: =G87*K87 -> 0.18251432 | O87: =1/K87 -> 1.5506667
A88: 13a | B88: Pyrolysis and Co-processing in Refinery | C88: Gasoline | E88: WWPG1 in Synfuels
D89: Straw | G89: ='conversion factors'!$D$29 -> 0.27123986 | H89: 0.62 | I89: =[2]Props!$C$75 -> 17.2 | J89: =[2]Props!$C$31 -> 43.189869 | K89: 1 | L89: =G89*K89 -> 0.27123986 | O89: =1/K89 -> 1
D90: Prunnings & damaged crops | G90: ='conversion factors'!$D$29 -> 0.27123986 | H90: 0.62 | I90: =[2]Props!$C$75 -> 17.2 | J90: =[2]Props!$C$31 -> 43.189869 | K90: 1 | L90: =G90*K90 -> 0.27123986 | O90: =1/K90 -> 1
D91: Agroprocessing residues - maize cobs | G91: ='conversion factors'!$D$29 -> 0.27123986 | H91: 0.62 | I91: =[2]Props!$C$75 -> 17.2 | J91: =[2]Props!$C$31 -> 43.189869 | K91: 1 | L91: =G91*K91 -> 0.27123986 | O91: =1/K91 -> 1
D92: Lignocrops abandoned degraded | G92: ='conversion factors'!$D$29 -> 0.27123986 | H92: 0.62 | I92: =[2]Props!$C$75 -> 17.2 | J92: =[2]Props!$C$31 -> 43.189869 | K92: 1 | L92: =G92*K92 -> 0.27123986 | O92: =1/K92 -> 1
D93: Lignocrops inter & cover cropping | G93: ='conversion factors'!$D$29 -> 0.27123986 | H93: 0.62 | I93: =[2]Props!$C$75 -> 17.2 | J93: =[2]Props!$C$31 -> 43.189869 | K93: 1 | L93: =G93*K93 -> 0.27123986 | O93: =1/K93 -> 1
D94: Primary forestry residues | G94: ='conversion factors'!$D$29 -> 0.27123986 | H94: 0.62 | I94: =[2]Props!$C$64 -> 19 | J94: =[2]Props!$C$31 -> 43.189869 | K94: 1 | L94: =G94*K94 -> 0.27123986 | O94: =1/K94 -> 1
D95: Secondary forest residues | G95: ='conversion factors'!$D$29 -> 0.27123986 | H95: 0.62 | I95: =[2]Props!$C$64 -> 19 | J95: =[2]Props!$C$31 -> 43.189869 | K95: 1 | L95: =G95*K95 -> 0.27123986 | O95: =1/K95 -> 1
D96: Biowastes - Post consumer wood | G96: ='conversion factors'!$D$29 -> 0.27123986 | H96: 0.62 | I96: =[2]Props!$C$64 -> 19 | J96: =[2]Props!$C$31 -> 43.189869 | K96: 1 | L96: =G96*K96 -> 0.27123986 | O96: =1/K96 -> 1
A97: 13a | B97: Pyrolysis and Co-processing in Refinery | C97: Diesel | E97: WWPD1 in Synfuels
D98: Straw | G98: ='conversion factors'!$D$29 -> 0.27123986 | H98: 0.62 | I98: =[2]Props!$C$75 -> 17.2 | J98: =[2]Props!$C$32 -> 43.12633 | K98: 1 | L98: =G98*K98 -> 0.27123986 | O98: =1/K98 -> 1
D99: Prunnings & damaged crops | G99: ='conversion factors'!$D$29 -> 0.27123986 | H99: 0.62 | I99: =[2]Props!$C$75 -> 17.2 | J99: =[2]Props!$C$32 -> 43.12633 | K99: 1 | L99: =G99*K99 -> 0.27123986 | O99: =1/K99 -> 1
D100: Agroprocessing residues - maize cobs | G100: ='conversion factors'!$D$29 -> 0.27123986 | H100: 0.62 | I100: =[2]Props!$C$75 -> 17.2 | J100: =[2]Props!$C$32 -> 43.12633 | K100: 1 | L100: =G100*K100 -> 0.27123986 | O100: =1/K100 -> 1
...

Sheet IVC Emission Allocation
A1: EU IVC Emission Intensity Allocation by Product and Transport Sector
A2: Weights use EU feedstock availability in columns N, Q and X multiplied by feedstock share in AE. Column H is the final recommended emission intensity. IVC 1 and IVC 2 are separated by actual feedstock pathway; FPBO and biocrude are combined, while HVO and HEFA remain sector-specific.
A4: Region | B4: IVC No. | C4: IVC Name | D4: Resulting Product | E4: Sector Destination | F4: N-weighted EI | G4: Q-weighted EI | H4: Recommended EI (final) | I4: X-weighted EI | J4: N x AE Total | K4: Q x AE Total | L4: X x AE Total | M4: Combined Weight | N4: Basis
A5: EU | B5: 1 | C5: Transesterification | D5: FAME | E5: Road-bio | F5: {=IFERROR(SUMPRODUCT(($A$34:$A$135=$A5)*($B$34:$B$135=$B5)*($C$34:$C$135=$D5)*($D$34:$D$135=$E5)*(--ISNUMBER(SEARCH("UCO",$F$34:$F$135)))*$H$34:$H$135*$M$34:$M$135)/SUMPRODUCT(($A$34:$A$135=$A5)*($B$34:$B$135=$B5)*($C$34:$C$135=$D5)*($D$34:$D$135=$E5)*(--ISNUMBER(SEARCH("UCO",$F$34:$F$135)))*$H$34:$H$135),0)} -> 12.15 | G5: {=IFERROR(SUMPRODUCT(($A$34:$A$135=$A5)*($B$34:$B$135=$B5)*($C$34:$C$135=$D5)*($D$34:$D$135=$E5)*(--ISNUMBER(SEARCH("UCO",$F$34:$F$135)))*$I$34:$I$135*$M$34:$M$135)/SUMPRODUCT(($A$34:$A$135=$A5)*($B$34:$B$135=$B5)*($C$34:$C$135=$D5)*($D$34:$D$135=$E5)*(--ISNUMBER(SEARCH("UCO",$F$34:$F$135)))*$I$34:$I$135),0)} -> 12.15 | H5: {=IFERROR(SUMPRODUCT(($A$34:$A$135=$A5)*($B$34:$B$135=$B5)*($C$34:$C$135=$D5)*($D$34:$D$135=$E5)*(--ISNUMBER(SEARCH("UCO",$F$34:$F$135)))*$K$34:$K$135*$M$34:$M$135)/SUMPRODUCT(($A$34:$A$135=$A5)*($B$34:$B$135=$B5)*($C$34:$C$135=$D5)*($D$34:$D$135=$E5)*(--ISNUMBER(SEARCH("UCO",$F$34:$F$135)))*$K$34:$K$135),0)} -> 12.15 | I5: {=IFERROR(SUMPRODUCT(($A$34:$A$135=$A5)*($B$34:$B$135=$B5)*($C$34:$C$135=$D5)*($D$34:$D$135=$E5)*(--ISNUMBER(SEARCH("UCO",$F$34:$F$135)))*$J$34:$J$135*$M$34:$M$135)/SUMPRODUCT(($A$34:$A$135=$A5)*($B$34:$B$135=$B5)*($C$34:$C$135=$D5)*($D$34:$D$135=$E5)*(--ISNUMBER(SEARCH("UCO",$F$34:$F$135)))*$J$34:$J$135),0)} -> 12.15 | J5: {=SUMPRODUCT(($A$34:$A$135=$A5)*($B$34:$B$135=$B5)*($C$34:$C$135=$D5)*($D$34:$D$135=$E5)*(--ISNUMBER(SEARCH("UCO",$F$34:$F$135)))*$H$34:$H$135)} -> 1.741836 | K5: {=SUMPRODUCT(($A$34:$A$135=$A5)*($B$34:$B$135=$B5)*($C$34:$C$135=$D5)*($D$34:$D$135=$E5)*(--ISNUMBER(SEARCH("UCO",$F$34:$F$135)))*$I$34:$I$135)} -> 3.0212618 | L5: {=SUMPRODUCT(($A$34:$A$135=$A5)*($B$34:$B$135=$B5)*($C$34:$C$135=$D5)*($D$34:$D$135=$E5)*(--ISNUMBER(SEARCH("UCO",$F$34:$F$135)))*$J$34:$J$135)} -> 4.8006866 | M5: {=SUMPRODUCT(($A$34:$A$135=$A5)*($B$34:$B$135=$B5)*($C$34:$C$135=$D5)*($D$34:$D$135=$E5)*(--ISNUMBER(SEARCH("UCO",$F$34:$F$135)))*$K$34:$K$135)} -> 9.5637844 | N5: Feedstock-specific pathway: UCO / animal fat
A6: EU | B6: 2 | C6: Hydrotreatment of Lipids | D6: HVO | E6: Road-bio | F6: {=IFERROR(SUMPRODUCT(($A$34:$A$135=$A6)*($B$34:$B$135=$B6)*($C$34:$C$135=$D6)*($D$34:$D$135=$E6)*(--ISNUMBER(SEARCH("UCO",$F$34:$F$135)))*$H$34:$H$135*$M$34:$M$135)/SUMPRODUCT(($A$34:$A$135=$A6)*($B$34:$B$135=$B6)*($C$34:$C$135=$D6)*($D$34:$D$135=$E6)*(--ISNUMBER(SEARCH("UCO",$F$34:$F$135)))*$H$34:$H$135),0)} -> 13.775 | G6: {=IFERROR(SUMPRODUCT(($A$34:$A$135=$A6)*($B$34:$B$135=$B6)*($C$34:$C$135=$D6)*($D$34:$D$135=$E6)*(--ISNUMBER(SEARCH("UCO",$F$34:$F$135)))*$I$34:$I$135*$M$34:$M$135)/SUMPRODUCT(($A$34:$A$135=$A6)*($B$34:$B$135=$B6)*($C$34:$C$135=$D6)*($D$34:$D$135=$E6)*(--ISNUMBER(SEARCH("UCO",$F$34:$F$135)))*$I$34:$I$135),0)} -> 13.775 | H6: {=IFERROR(SUMPRODUCT(($A$34:$A$135=$A6)*($B$34:$B$135=$B6)*($C$34:$C$135=$D6)*($D$34:$D$135=$E6)*(--ISNUMBER(SEARCH("UCO",$F$34:$F$135)))*$K$34:$K$135*$M$34:$M$135)/SUMPRODUCT(($A$34:$A$135=$A6)*($B$34:$B$135=$B6)*($C$34:$C$135=$D6)*($D$34:$D$135=$E6)*(--ISNUMBER(SEARCH("UCO",$F$34:$F$135)))*$K$34:$K$135),0)} -> 13.775 | I6: {=IFERROR(SUMPRODUCT(($A$34:$A$135=$A6)*($B$34:$B$135=$B6)*($C$34:$C$135=$D6)*($D$34:$D$135=$E6)*(--ISNUMBER(SEARCH("UCO",$F$34:$F$135)))*$J$34:$J$135*$M$34:$M$135)/SUMPRODUCT(($A$34:$A$135=$A6)*($B$34:$B$135=$B6)*($C$34:$C$135=$D6)*($D$34:$D$135=$E6)*(--ISNUMBER(SEARCH("UCO",$F$34:$F$135)))*$J$34:$J$135),0)} -> 13.775 | J6: {=SUMPRODUCT(($A$34:$A$135=$A6)*($B$34:$B$135=$B6)*($C$34:$C$135=$D6)*($D$34:$D$135=$E6)*(--ISNUMBER(SEARCH("UCO",$F$34:$F$135)))*$H$34:$H$135)} -> 0.87091801 | K6: {=SUMPRODUCT(($A$34:$A$135=$A6)*($B$34:$B$135=$B6)*($C$34:$C$135=$D6)*($D$34:$D$135=$E6)*(--ISNUMBER(SEARCH("UCO",$F$34:$F$135)))*$I$34:$I$135)} -> 1.5106309 | L6: {=SUMPRODUCT(($A$34:$A$135=$A6)*($B$34:$B$135=$B6)*($C$34:$C$135=$D6)*($D$34:$D$135=$E6)*(--ISNUMBER(SEARCH("UCO",$F$34:$F$135)))*$J$34:$J$135)} -> 2.4003433 | M6: {=SUMPRODUCT(($A$34:$A$135=$A6)*($B$34:$B$135=$B6)*($C$34:$C$135=$D6)*($D$34:$D$135=$E6)*(--ISNUMBER(SEARCH("UCO",$F$34:$F$135)))*$K$34:$K$135)} -> 4.7818922 | N6: Feedstock-specific pathway: UCO / animal fat
A7: EU | B7: 2 | C7: Hydrotreatment of Lipids | D7: HVO | E7: Road-bio | F7: {=IFERROR(SUMPRODUCT(($A$34:$A$135=$A7)*($B$34:$B$135=$B7)*($C$34:$C$135=$D7)*($D$34:$D$135=$E7)*(--((ISNUMBER(SEARCH("Tall oil",$F$34:$F$135))+ISNUMBER(SEARCH("POME",$F$34:$F$135)))>0))*$H$34:$H$135*$M$34:$M$135)/SUMPRODUCT(($A$34:$A$135=$A7)*($B$34:$B$135=$B7)*($C$34:$C$135=$D7)*($D$34:$D$135=$E7)*(--((ISNUMBER(SEARCH("Tall oil",$F$34:$F$135))+ISNUMBER(SEARCH("POME",$F$34:$F$135)))>0))*$H$34:$H$135),0)} -> 10.8 | G7: {=IFERROR(SUMPRODUCT(($A$34:$A$135=$A7)*($B$34:$B$135=$B7)*($C$34:$C$135=$D7)*($D$34:$D$135=$E7)*(--((ISNUMBER(SEARCH("Tall oil",$F$34:$F$135))+ISNUMBER(SEARCH("POME",$F$34:$F$135)))>0))*$I$34:$I$135*$M$34:$M$135)/SUMPRODUCT(($A$34:$A$135=$A7)*($B$34:$B$135=$B7)*($C$34:$C$135=$D7)*($D$34:$D$135=$E7)*(--((ISNUMBER(SEARCH("Tall oil",$F$34:$F$135))+ISNUMBER(SEARCH("POME",$F$34:$F$135)))>0))*$I$34:$I$135),0)} -> 10.8 | H7: {=IFERROR(SUMPRODUCT(($A$34:$A$135=$A7)*($B$34:$B$135=$B7)*($C$34:$C$135=$D7)*($D$34:$D$135=$E7)*(--((ISNUMBER(SEARCH("Tall oil",$F$34:$F$135))+ISNUMBER(SEARCH("POME",$F$34:$F$135)))>0))*$K$34:$K$135*$M$34:$M$135)/SUMPRODUCT(($A$34:$A$135=$A7)*($B$34:$B$135=$B7)*($C$34:$C$135=$D7)*($D$34:$D$135=$E7)*(--((ISNUMBER(SEARCH("Tall oil",$F$34:$F$135))+ISNUMBER(SEARCH("POME",$F$34:$F$135)))>0))*$K$34:$K$135),0)} -> 10.8 | I7: {=IFERROR(SUMPRODUCT(($A$34:$A$135=$A7)*($B$34:$B$135=$B7)*($C$34:$C$135=$D7)*($D$34:$D$135=$E7)*(--((ISNUMBER(SEARCH("Tall oil",$F$34:$F$135))+ISNUMBER(SEARCH("POME",$F$34:$F$135)))>0))*$J$34:$J$135*$M$34:$M$135)/SUMPRODUCT(($A$34:$A$135=$A7)*($B$34:$B$135=$B7)*($C$34:$C$135=$D7)*($D$34:$D$135=$E7)*(--((ISNUMBER(SEARCH("Tall oil",$F$34:$F$135))+ISNUMBER(SEARCH("POME",$F$34:$F$135)))>0))*$J$34:$J$135),0)} -> 10.8 | J7: {=SUMPRODUCT(($A$34:$A$135=$A7)*($B$34:$B$135=$B7)*($C$34:$C$135=$D7)*($D$34:$D$135=$E7)*(--((ISNUMBER(SEARCH("Tall oil",$F$34:$F$135))+ISNUMBER(SEARCH("POME",$F$34:$F$135)))>0))*$H$34:$H$135)} -> 0.2 | K7: {=SUMPRODUCT(($A$34:$A$135=$A7)*($B$34:$B$135=$B7)*($C$34:$C$135=$D7)*($D$34:$D$135=$E7)*(--((ISNUMBER(SEARCH("Tall oil",$F$34:$F$135))+ISNUMBER(SEARCH("POME",$F$34:$F$135)))>0))*$I$34:$I$135)} -> 0.4 | L7: {=SUMPRODUCT(($A$34:$A$135=$A7)*($B$34:$B$135=$B7)*($C$34:$C$135=$D7)*($D$34:$D$135=$E7)*(--((ISNUMBER(SEARCH("Tall oil",$F$34:$F$135))+ISNUMBER(SEARCH("POME",$F$34:$F$135)))>0))*$J$34:$J$135)} -> 0.7 | M7: {=SUMPRODUCT(($A$34:$A$135=$A7)*($B$34:$B$135=$B7)*($C$34:$C$135=$D7)*($D$34:$D$135=$E7)*(--((ISNUMBER(SEARCH("Tall oil",$F$34:$F$135))+ISNUMBER(SEARCH("POME",$F$34:$F$135)))>0))*$K$34:$K$135)} -> 1.3 | N7: Feedstock-specific pathway: POME / tall-oil proxy
A8: EU | B8: 2 | C8: Hydrotreatment of Lipids | D8: HVO | E8: Road-bio | F8: {=IFERROR(SUMPRODUCT(($A$34:$A$135=$A8)*($B$34:$B$135=$B8)*($C$34:$C$135=$D8)*($D$34:$D$135=$E8)*(--((ISNUMBER(SEARCH("FPBO",$F$34:$F$135))+ISNUMBER(SEARCH("biocrude",$F$34:$F$135)))>0))*$H$34:$H$135*$M$34:$M$135)/SUMPRODUCT(($A$34:$A$135=$A8)*($B$34:$B$135=$B8)*($C$34:$C$135=$D8)*($D$34:$D$135=$E8)*(--((ISNUMBER(SEARCH("FPBO",$F$34:$F$135))+ISNUMBER(SEARCH("biocrude",$F$34:$F$135)))>0))*$H$34:$H$135),0)} -> 13.775 | G8: {=IFERROR(SUMPRODUCT(($A$34:$A$135=$A8)*($B$34:$B$135=$B8)*($C$34:$C$135=$D8)*($D$34:$D$135=$E8)*(--((ISNUMBER(SEARCH("FPBO",$F$34:$F$135))+ISNUMBER(SEARCH("biocrude",$F$34:$F$135)))>0))*$I$34:$I$135*$M$34:$M$135)/SUMPRODUCT(($A$34:$A$135=$A8)*($B$34:$B$135=$B8)*($C$34:$C$135=$D8)*($D$34:$D$135=$E8)*(--((ISNUMBER(SEARCH("FPBO",$F$34:$F$135))+ISNUMBER(SEARCH("biocrude",$F$34:$F$135)))>0))*$I$34:$I$135),0)} -> 13.775 | H8: {=IFERROR(SUMPRODUCT(($A$34:$A$135=$A8)*($B$34:$B$135=$B8)*($C$34:$C$135=$D8)*($D$34:$D$135=$E8)*(--((ISNUMBER(SEARCH("FPBO",$F$34:$F$135))+ISNUMBER(SEARCH("biocrude",$F$34:$F$135)))>0))*$K$34:$K$135*$M$34:$M$135)/SUMPRODUCT(($A$34:$A$135=$A8)*($B$34:$B$135=$B8)*($C$34:$C$135=$D8)*($D$34:$D$135=$E8)*(--((ISNUMBER(SEARCH("FPBO",$F$34:$F$135))+ISNUMBER(SEARCH("biocrude",$F$34:$F$135)))>0))*$K$34:$K$135),0)} -> 13.775 | I8: {=IFERROR(SUMPRODUCT(($A$34:$A$135=$A8)*($B$34:$B$135=$B8)*($C$34:$C$135=$D8)*($D$34:$D$135=$E8)*(--((ISNUMBER(SEARCH("FPBO",$F$34:$F$135))+ISNUMBER(SEARCH("biocrude",$F$34:$F$135)))>0))*$J$34:$J$135*$M$34:$M$135)/SUMPRODUCT(($A$34:$A$135=$A8)*($B$34:$B$135=$B8)*($C$34:$C$135=$D8)*($D$34:$D$135=$E8)*(--((ISNUMBER(SEARCH("FPBO",$F$34:$F$135))+ISNUMBER(SEARCH("biocrude",$F$34:$F$135)))>0))*$J$34:$J$135),0)} -> 13.775 | J8: {=SUMPRODUCT(($A$34:$A$135=$A8)*($B$34:$B$135=$B8)*($C$34:$C$135=$D8)*($D$34:$D$135=$E8)*(--((ISNUMBER(SEARCH("FPBO",$F$34:$F$135))+ISNUMBER(SEARCH("biocrude",$F$34:$F$135)))>0))*$H$34:$H$135)} -> 1.0285054 | K8: {=SUMPRODUCT(($A$34:$A$135=$A8)*($B$34:$B$135=$B8)*($C$34:$C$135=$D8)*($D$34:$D$135=$E8)*(--((ISNUMBER(SEARCH("FPBO",$F$34:$F$135))+ISNUMBER(SEARCH("biocrude",$F$34:$F$135)))>0))*$I$34:$I$135)} -> 1.3060866 | L8: {=SUMPRODUCT(($A$34:$A$135=$A8)*($B$34:$B$135=$B8)*($C$34:$C$135=$D8)*($D$34:$D$135=$E8)*(--((ISNUMBER(SEARCH("FPBO",$F$34:$F$135))+ISNUMBER(SEARCH("biocrude",$F$34:$F$135)))>0))*$J$34:$J$135)} -> 3.407654 | M8: {=SUMPRODUCT(($A$34:$A$135=$A8)*($B$34:$B$135=$B8)*($C$34:$C$135=$D8)*($D$34:$D$135=$E8)*(--((ISNUMBER(SEARCH("FPBO",$F$34:$F$135))+ISNUMBER(SEARCH("biocrude",$F$34:$F$135)))>0))*$K$34:$K$135)} -> 5.7422459 | N8: Feedstock-specific pathway: FPBO + biocrude
A9: EU | B9: 2 | C9: Hydrotreatment of Lipids | D9: HEFA / SAF | E9: Aviation-bio | F9: {=IFERROR(SUMPRODUCT(($A$34:$A$135=$A9)*($B$34:$B$135=$B9)*($C$34:$C$135=$D9)*($D$34:$D$135=$E9)*(--ISNUMBER(SEARCH("Oil crops",$F$34:$F$135)))*$H$34:$H$135*$M$34:$M$135)/SUMPRODUCT(($A$34:$A$135=$A9)*($B$34:$B$135=$B9)*($C$34:$C$135=$D9)*($D$34:$D$135=$E9)*(--ISNUMBER(SEARCH("Oil crops",$F$34:$F$135)))*$H$34:$H$135),0)} -> 26.05 | G9: {=IFERROR(SUMPRODUCT(($A$34:$A$135=$A9)*($B$34:$B$135=$B9)*($C$34:$C$135=$D9)*($D$34:$D$135=$E9)*(--ISNUMBER(SEARCH("Oil crops",$F$34:$F$135)))*$I$34:$I$135*$M$34:$M$135)/SUMPRODUCT(($A$34:$A$135=$A9)*($B$34:$B$135=$B9)*($C$34:$C$135=$D9)*($D$34:$D$135=$E9)*(--ISNUMBER(SEARCH("Oil crops",$F$34:$F$135)))*$I$34:$I$135),0)} -> 26.05 | H9: {=IFERROR(SUMPRODUCT(($A$34:$A$135=$A9)*($B$34:$B$135=$B9)*($C$34:$C$135=$D9)*($D$34:$D$135=$E9)*(--ISNUMBER(SEARCH("Oil crops",$F$34:$F$135)))*$K$34:$K$135*$M$34:$M$135)/SUMPRODUCT(($A$34:$A$135=$A9)*($B$34:$B$135=$B9)*($C$34:$C$135=$D9)*($D$34:$D$135=$E9)*(--ISNUMBER(SEARCH("Oil crops",$F$34:$F$135)))*$K$34:$K$135),0)} -> 26.05 | I9: {=IFERROR(SUMPRODUCT(($A$34:$A$135=$A9)*($B$34:$B$135=$B9)*($C$34:$C$135=$D9)*($D$34:$D$135=$E9)*(--ISNUMBER(SEARCH("Oil crops",$F$34:$F$135)))*$J$34:$J$135*$M$34:$M$135)/SUMPRODUCT(($A$34:$A$135=$A9)*($B$34:$B$135=$B9)*($C$34:$C$135=$D9)*($D$34:$D$135=$E9)*(--ISNUMBER(SEARCH("Oil crops",$F$34:$F$135)))*$J$34:$J$135),0)} -> 26.05 | J9: {=SUMPRODUCT(($A$34:$A$135=$A9)*($B$34:$B$135=$B9)*($C$34:$C$135=$D9)*($D$34:$D$135=$E9)*(--ISNUMBER(SEARCH("Oil crops",$F$34:$F$135)))*$H$34:$H$135)} -> 0.49572711 | K9: {=SUMPRODUCT(($A$34:$A$135=$A9)*($B$34:$B$135=$B9)*($C$34:$C$135=$D9)*($D$34:$D$135=$E9)*(--ISNUMBER(SEARCH("Oil crops",$F$34:$F$135)))*$I$34:$I$135)} -> 1.1703177 | L9: {=SUMPRODUCT(($A$34:$A$135=$A9)*($B$34:$B$135=$B9)*($C$34:$C$135=$D9)*($D$34:$D$135=$E9)*(--ISNUMBER(SEARCH("Oil crops",$F$34:$F$135)))*$J$34:$J$135)} -> 4.0986605 | M9: {=SUMPRODUCT(($A$34:$A$135=$A9)*($B$34:$B$135=$B9)*($C$34:$C$135=$D9)*($D$34:$D$135=$E9)*(--ISNUMBER(SEARCH("Oil crops",$F$34:$F$135)))*$K$34:$K$135)} -> 5.7647054 | N9: Feedstock-specific pathway: Oil crops
A10: EU | B10: 2 | C10: Hydrotreatment of Lipids | D10: HEFA / SAF | E10: Aviation-bio | F10: {=IFERROR(SUMPRODUCT(($A$34:$A$135=$A10)*($B$34:$B$135=$B10)*($C$34:$C$135=$D10)*($D$34:$D$135=$E10)*(--ISNUMBER(SEARCH("UCO",$F$34:$F$135)))*$H$34:$H$135*$M$34:$M$135)/SUMPRODUCT(($A$34:$A$135=$A10)*($B$34:$B$135=$B10)*($C$34:$C$135=$D10)*($D$34:$D$135=$E10)*(--ISNUMBER(SEARCH("UCO",$F$34:$F$135)))*$H$34:$H$135),0)} -> 21.4 | G10: {=IFERROR(SUMPRODUCT(($A$34:$A$135=$A10)*($B$34:$B$135=$B10)*($C$34:$C$135=$D10)*($D$34:$D$135=$E10)*(--ISNUMBER(SEARCH("UCO",$F$34:$F$135)))*$I$34:$I$135*$M$34:$M$135)/SUMPRODUCT(($A$34:$A$135=$A10)*($B$34:$B$135=$B10)*($C$34:$C$135=$D10)*($D$34:$D$135=$E10)*(--ISNUMBER(SEARCH("UCO",$F$34:$F$135)))*$I$34:$I$135),0)} -> 21.4 | H10: {=IFERROR(SUMPRODUCT(($A$34:$A$135=$A10)*($B$34:$B$135=$B10)*($C$34:$C$135=$D10)*($D$34:$D$135=$E10)*(--ISNUMBER(SEARCH("UCO",$F$34:$F$135)))*$K$34:$K$135*$M$34:$M$135)/SUMPRODUCT(($A$34:$A$135=$A10)*($B$34:$B$135=$B10)*($C$34:$C$135=$D10)*($D$34:$D$135=$E10)*(--ISNUMBER(SEARCH("UCO",$F$34:$F$135)))*$K$34:$K$135),0)} -> 21.4 | I10: {=IFERROR(SUMPRODUCT(($A$34:$A$135=$A10)*($B$34:$B$135=$B10)*($C$34:$C$135=$D10)*($D$34:$D$135=$E10)*(--ISNUMBER(SEARCH("UCO",$F$34:$F$135)))*$J$34:$J$135*$M$34:$M$135)/SUMPRODUCT(($A$34:$A$135=$A10)*($B$34:$B$135=$B10)*($C$34:$C$135=$D10)*($D$34:$D$135=$E10)*(--ISNUMBER(SEARCH("UCO",$F$34:$F$135)))*$J$34:$J$135),0)} -> 21.4 | J10: {=SUMPRODUCT(($A$34:$A$135=$A10)*($B$34:$B$135=$B10)*($C$34:$C$135=$D10)*($D$34:$D$135=$E10)*(--ISNUMBER(SEARCH("UCO",$F$34:$F$135)))*$H$34:$H$135)} -> 0.87091801 | K10: {=SUMPRODUCT(($A$34:$A$135=$A10)*($B$34:$B$135=$B10)*($C$34:$C$135=$D10)*($D$34:$D$135=$E10)*(--ISNUMBER(SEARCH("UCO",$F$34:$F$135)))*$I$34:$I$135)} -> 1.5106309 | L10: {=SUMPRODUCT(($A$34:$A$135=$A10)*($B$34:$B$135=$B10)*($C$34:$C$135=$D10)*($D$34:$D$135=$E10)*(--ISNUMBER(SEARCH("UCO",$F$34:$F$135)))*$J$34:$J$135)} -> 2.4003433 | M10: {=SUMPRODUCT(($A$34:$A$135=$A10)*($B$34:$B$135=$B10)*($C$34:$C$135=$D10)*($D$34:$D$135=$E10)*(--ISNUMBER(SEARCH("UCO",$F$34:$F$135)))*$K$34:$K$135)} -> 4.7818922 | N10: Feedstock-specific pathway: UCO / animal fat
A11: EU | B11: 2 | C11: Hydrotreatment of Lipids | D11: HEFA / SAF | E11: Aviation-bio | F11: {=IFERROR(SUMPRODUCT(($A$34:$A$135=$A11)*($B$34:$B$135=$B11)*($C$34:$C$135=$D11)*($D$34:$D$135=$E11)*(--((ISNUMBER(SEARCH("Tall oil",$F$34:$F$135))+ISNUMBER(SEARCH("POME",$F$34:$F$135)))>0))*$H$34:$H$135*$M$34:$M$135)/SUMPRODUCT(($A$34:$A$135=$A11)*($B$34:$B$135=$B11)*($C$34:$C$135=$D11)*($D$34:$D$135=$E11)*(--((ISNUMBER(SEARCH("Tall oil",$F$34:$F$135))+ISNUMBER(SEARCH("POME",$F$34:$F$135)))>0))*$H$34:$H$135),0)} -> 17.5 | G11: {=IFERROR(SUMPRODUCT(($A$34:$A$135=$A11)*($B$34:$B$135=$B11)*($C$34:$C$135=$D11)*($D$34:$D$135=$E11)*(--((ISNUMBER(SEARCH("Tall oil",$F$34:$F$135))+ISNUMBER(SEARCH("POME",$F$34:$F$135)))>0))*$I$34:$I$135*$M$34:$M$135)/SUMPRODUCT(($A$34:$A$135=$A11)*($B$34:$B$135=$B11)*($C$34:$C$135=$D11)*($D$34:$D$135=$E11)*(--((ISNUMBER(SEARCH("Tall oil",$F$34:$F$135))+ISNUMBER(SEARCH("POME",$F$34:$F$135)))>0))*$I$34:$I$135),0)} -> 17.5 | H11: {=IFERROR(SUMPRODUCT(($A$34:$A$135=$A11)*($B$34:$B$135=$B11)*($C$34:$C$135=$D11)*($D$34:$D$135=$E11)*(--((ISNUMBER(SEARCH("Tall oil",$F$34:$F$135))+ISNUMBER(SEARCH("POME",$F$34:$F$135)))>0))*$K$34:$K$135*$M$34:$M$135)/SUMPRODUCT(($A$34:$A$135=$A11)*($B$34:$B$135=$B11)*($C$34:$C$135=$D11)*($D$34:$D$135=$E11)*(--((ISNUMBER(SEARCH("Tall oil",$F$34:$F$135))+ISNUMBER(SEARCH("POME",$F$34:$F$135)))>0))*$K$34:$K$135),0)} -> 17.5 | I11: {=IFERROR(SUMPRODUCT(($A$34:$A$135=$A11)*($B$34:$B$135=$B11)*($C$34:$C$135=$D11)*($D$34:$D$135=$E11)*(--((ISNUMBER(SEARCH("Tall oil",$F$34:$F$135))+ISNUMBER(SEARCH("POME",$F$34:$F$135)))>0))*$J$34:$J$135*$M$34:$M$135)/SUMPRODUCT(($A$34:$A$135=$A11)*($B$34:$B$135=$B11)*($C$34:$C$135=$D11)*($D$34:$D$135=$E11)*(--((ISNUMBER(SEARCH("Tall oil",$F$34:$F$135))+ISNUMBER(SEARCH("POME",$F$34:$F$135)))>0))*$J$34:$J$135),0)} -> 17.5 | J11: {=SUMPRODUCT(($A$34:$A$135=$A11)*($B$34:$B$135=$B11)*($C$34:$C$135=$D11)*($D$34:$D$135=$E11)*(--((ISNUMBER(SEARCH("Tall oil",$F$34:$F$135))+ISNUMBER(SEARCH("POME",$F$34:$F$135)))>0))*$H$34:$H$135)} -> 0.2 | K11: {=SUMPRODUCT(($A$34:$A$135=$A11)*($B$34:$B$135=$B11)*($C$34:$C$135=$D11)*($D$34:$D$135=$E11)*(--((ISNUMBER(SEARCH("Tall oil",$F$34:$F$135))+ISNUMBER(SEARCH("POME",$F$34:$F$135)))>0))*$I$34:$I$135)} -> 0.4 | L11: {=SUMPRODUCT(($A$34:$A$135=$A11)*($B$34:$B$135=$B11)*($C$34:$C$135=$D11)*($D$34:$D$135=$E11)*(--((ISNUMBER(SEARCH("Tall oil",$F$34:$F$135))+ISNUMBER(SEARCH("POME",$F$34:$F$135)))>0))*$J$34:$J$135)} -> 0.7 | M11: {=SUMPRODUCT(($A$34:$A$135=$A11)*($B$34:$B$135=$B11)*($C$34:$C$135=$D11)*($D$34:$D$135=$E11)*(--((ISNUMBER(SEARCH("Tall oil",$F$34:$F$135))+ISNUMBER(SEARCH("POME",$F$34:$F$135)))>0))*$K$34:$K$135)} -> 1.3 | N11: Feedstock-specific pathway: POME / tall-oil proxy
A12: EU | B12: 2 | C12: Hydrotreatment of Lipids | D12: HEFA / SAF | E12: Aviation-bio | F12: {=IFERROR(SUMPRODUCT(($A$34:$A$135=$A12)*($B$34:$B$135=$B12)*($C$34:$C$135=$D12)*($D$34:$D$135=$E12)*(--((ISNUMBER(SEARCH("FPBO",$F$34:$F$135))+ISNUMBER(SEARCH("biocrude",$F$34:$F$135)))>0))*$H$34:$H$135*$M$34:$M$135)/SUMPRODUCT(($A$34:$A$135=$A12)*($B$34:$B$135=$B12)*($C$34:$C$135=$D12)*($D$34:$D$135=$E12)*(--((ISNUMBER(SEARCH("FPBO",$F$34:$F$135))+ISNUMBER(SEARCH("biocrude",$F$34:$F$135)))>0))*$H$34:$H$135),0)} -> 21.4 | G12: {=IFERROR(SUMPRODUCT(($A$34:$A$135=$A12)*($B$34:$B$135=$B12)*($C$34:$C$135=$D12)*($D$34:$D$135=$E12)*(--((ISNUMBER(SEARCH("FPBO",$F$34:$F$135))+ISNUMBER(SEARCH("biocrude",$F$34:$F$135)))>0))*$I$34:$I$135*$M$34:$M$135)/SUMPRODUCT(($A$34:$A$135=$A12)*($B$34:$B$135=$B12)*($C$34:$C$135=$D12)*($D$34:$D$135=$E12)*(--((ISNUMBER(SEARCH("FPBO",$F$34:$F$135))+ISNUMBER(SEARCH("biocrude",$F$34:$F$135)))>0))*$I$34:$I$135),0)} -> 21.4 | H12: {=IFERROR(SUMPRODUCT(($A$34:$A$135=$A12)*($B$34:$B$135=$B12)*($C$34:$C$135=$D12)*($D$34:$D$135=$E12)*(--((ISNUMBER(SEARCH("FPBO",$F$34:$F$135))+ISNUMBER(SEARCH("biocrude",$F$34:$F$135)))>0))*$K$34:$K$135*$M$34:$M$135)/SUMPRODUCT(($A$34:$A$135=$A12)*($B$34:$B$135=$B12)*($C$34:$C$135=$D12)*($D$34:$D$135=$E12)*(--((ISNUMBER(SEARCH("FPBO",$F$34:$F$135))+ISNUMBER(SEARCH("biocrude",$F$34:$F$135)))>0))*$K$34:$K$135),0)} -> 21.4 | I12: {=IFERROR(SUMPRODUCT(($A$34:$A$135=$A12)*($B$34:$B$135=$B12)*($C$34:$C$135=$D12)*($D$34:$D$135=$E12)*(--((ISNUMBER(SEARCH("FPBO",$F$34:$F$135))+ISNUMBER(SEARCH("biocrude",$F$34:$F$135)))>0))*$J$34:$J$135*$M$34:$M$135)/SUMPRODUCT(($A$34:$A$135=$A12)*($B$34:$B$135=$B12)*($C$34:$C$135=$D12)*($D$34:$D$135=$E12)*(--((ISNUMBER(SEARCH("FPBO",$F$34:$F$135))+ISNUMBER(SEARCH("biocrude",$F$34:$F$135)))>0))*$J$34:$J$135),0)} -> 21.4 | J12: {=SUMPRODUCT(($A$34:$A$135=$A12)*($B$34:$B$135=$B12)*($C$34:$C$135=$D12)*($D$34:$D$135=$E12)*(--((ISNUMBER(SEARCH("FPBO",$F$34:$F$135))+ISNUMBER(SEARCH("biocrude",$F$34:$F$135)))>0))*$H$34:$H$135)} -> 1.0285054 | K12: {=SUMPRODUCT(($A$34:$A$135=$A12)*($B$34:$B$135=$B12)*($C$34:$C$135=$D12)*($D$34:$D$135=$E12)*(--((ISNUMBER(SEARCH("FPBO",$F$34:$F$135))+ISNUMBER(SEARCH("biocrude",$F$34:$F$135)))>0))*$I$34:$I$135)} -> 1.3060866 | L12: {=SUMPRODUCT(($A$34:$A$135=$A12)*($B$34:$B$135=$B12)*($C$34:$C$135=$D12)*($D$34:$D$135=$E12)*(--((ISNUMBER(SEARCH("FPBO",$F$34:$F$135))+ISNUMBER(SEARCH("biocrude",$F$34:$F$135)))>0))*$J$34:$J$135)} -> 3.407654 | M12: {=SUMPRODUCT(($A$34:$A$135=$A12)*($B$34:$B$135=$B12)*($C$34:$C$135=$D12)*($D$34:$D$135=$E12)*(--((ISNUMBER(SEARCH("FPBO",$F$34:$F$135))+ISNUMBER(SEARCH("biocrude",$F$34:$F$135)))>0))*$K$34:$K$135)} -> 5.7422459 | N12: Feedstock-specific pathway: FPBO + biocrude
A13: EU | B13: 3 | C13: Lignin Boost of Fatty Acids and Co-processing in Refinery | D13: Renewable diesel | E13: Road-bio | F13: {=IFERROR(SUMPRODUCT(($A$34:$A$135=$A13)*($B$34:$B$135=$B13)*($C$34:$C$135=$D13)*($D$34:$D$135=$E13)*$H$34:$H$135*$M$34:$M$135)/SUMIFS($H$34:$H$135,$A$34:$A$135,$A13,$B$34:$B$135,$B13,$C$34:$C$135,$D13,$D$34:$D$135,$E13),0)} -> 55.5 | G13: {=IFERROR(SUMPRODUCT(($A$34:$A$135=$A13)*($B$34:$B$135=$B13)*($C$34:$C$135=$D13)*($D$34:$D$135=$E13)*$I$34:$I$135*$M$34:$M$135)/SUMIFS($I$34:$I$135,$A$34:$A$135,$A13,$B$34:$B$135,$B13,$C$34:$C$135,$D13,$D$34:$D$135,$E13),0)} -> 0 | H13: {=IFERROR(SUMPRODUCT(($A$34:$A$135=$A13)*($B$34:$B$135=$B13)*($C$34:$C$135=$D13)*($D$34:$D$135=$E13)*$K$34:$K$135*$M$34:$M$135)/SUMIFS($K$34:$K$135,$A$34:$A$135,$A13,$B$34:$B$135,$B13,$C$34:$C$135,$D13,$D$34:$D$135,$E13),0)} -> 55.5 | I13: {=IFERROR(SUMPRODUCT(($A$34:$A$135=$A13)*($B$34:$B$135=$B13)*($C$34:$C$135=$D13)*($D$34:$D$135=$E13)*$J$34:$J$135*$M$34:$M$135)/SUMIFS($J$34:$J$135,$A$34:$A$135,$A13,$B$34:$B$135,$B13,$C$34:$C$135,$D13,$D$34:$D$135,$E13),0)} -> 55.5 | J13: =SUMIFS($H$34:$H$135,$A$34:$A$135,$A13,$B$34:$B$135,$B13,$C$34:$C$135,$D13,$D$34:$D$135,$E13) -> 4.4540042 | K13: =SUMIFS($I$34:$I$135,$A$34:$A$135,$A13,$B$34:$B$135,$B13,$C$34:$C$135,$D13,$D$34:$D$135,$E13) -> 0 | L13: =SUMIFS($J$34:$J$135,$A$34:$A$135,$A13,$B$34:$B$135,$B13,$C$34:$C$135,$D13,$D$34:$D$135,$E13) -> 10.5 | M13: =SUMIFS($K$34:$K$135,$A$34:$A$135,$A13,$B$34:$B$135,$B13,$C$34:$C$135,$D13,$D$34:$D$135,$E13) -> 14.954004 | N13: Sector-specific pathway; EU N/Q/X availability × AE feedstock share
A14: EU | B14: 5 | C14: Fermentation of Lignocellulosic Materials to Ethanol | D14: Advanced ethanol | E14: Road-bio | F14: {=IFERROR(SUMPRODUCT(($A$34:$A$135=$A14)*($B$34:$B$135=$B14)*($C$34:$C$135=$D14)*($D$34:$D$135=$E14)*$H$34:$H$135*$M$34:$M$135)/SUMIFS($H$34:$H$135,$A$34:$A$135,$A14,$B$34:$B$135,$B14,$C$34:$C$135,$D14,$D$34:$D$135,$E14),0)} -> 24.4 | G14: {=IFERROR(SUMPRODUCT(($A$34:$A$135=$A14)*($B$34:$B$135=$B14)*($C$34:$C$135=$D14)*($D$34:$D$135=$E14)*$I$34:$I$135*$M$34:$M$135)/SUMIFS($I$34:$I$135,$A$34:$A$135,$A14,$B$34:$B$135,$B14,$C$34:$C$135,$D14,$D$34:$D$135,$E14),0)} -> 24.4 | H14: {=IFERROR(SUMPRODUCT(($A$34:$A$135=$A14)*($B$34:$B$135=$B14)*($C$34:$C$135=$D14)*($D$34:$D$135=$E14)*$K$34:$K$135*$M$34:$M$135)/SUMIFS($K$34:$K$135,$A$34:$A$135,$A14,$B$34:$B$135,$B14,$C$34:$C$135,$D14,$D$34:$D$135,$E14),0)} -> 24.4 | I14: {=IFERROR(SUMPRODUCT(($A$34:$A$135=$A14)*($B$34:$B$135=$B14)*($C$34:$C$135=$D14)*($D$34:$D$135=$E14)*$J$34:$J$135*$M$34:$M$135)/SUMIFS($J$34:$J$135,$A$34:$A$135,$A14,$B$34:$B$135,$B14,$C$34:$C$135,$D14,$D$34:$D$135,$E14),0)} -> 24.4 | J14: =SUMIFS($H$34:$H$135,$A$34:$A$135,$A14,$B$34:$B$135,$B14,$C$34:$C$135,$D14,$D$34:$D$135,$E14) -> 26.310985 | K14: =SUMIFS($I$34:$I$135,$A$34:$A$135,$A14,$B$34:$B$135,$B14,$C$34:$C$135,$D14,$D$34:$D$135,$E14) -> 40.928169 | L14: =SUMIFS($J$34:$J$135,$A$34:$A$135,$A14,$B$34:$B$135,$B14,$C$34:$C$135,$D14,$D$34:$D$135,$E14) -> 51.616756 | M14: =SUMIFS($K$34:$K$135,$A$34:$A$135,$A14,$B$34:$B$135,$B14,$C$34:$C$135,$D14,$D$34:$D$135,$E14) -> 118.85591 | N14: Sector-specific pathway; EU N/Q/X availability × AE feedstock share
A15: EU | B15: 5 | C15: Fermentation of Lignocellulosic Materials to Ethanol | D15: ATJ-SPK | E15: Aviation-bio 2040/2050 | F15: {=IFERROR(SUMPRODUCT(($A$34:$A$135=$A15)*($B$34:$B$135=$B15)*($C$34:$C$135=$D15)*($D$34:$D$135=$E15)*$H$34:$H$135*$M$34:$M$135)/SUMIFS($H$34:$H$135,$A$34:$A$135,$A15,$B$34:$B$135,$B15,$C$34:$C$135,$D15,$D$34:$D$135,$E15),0)} -> 24.4 | G15: {=IFERROR(SUMPRODUCT(($A$34:$A$135=$A15)*($B$34:$B$135=$B15)*($C$34:$C$135=$D15)*($D$34:$D$135=$E15)*$I$34:$I$135*$M$34:$M$135)/SUMIFS($I$34:$I$135,$A$34:$A$135,$A15,$B$34:$B$135,$B15,$C$34:$C$135,$D15,$D$34:$D$135,$E15),0)} -> 24.4 | H15: {=IFERROR(SUMPRODUCT(($A$34:$A$135=$A15)*($B$34:$B$135=$B15)*($C$34:$C$135=$D15)*($D$34:$D$135=$E15)*$K$34:$K$135*$M$34:$M$135)/SUMIFS($K$34:$K$135,$A$34:$A$135,$A15,$B$34:$B$135,$B15,$C$34:$C$135,$D15,$D$34:$D$135,$E15),0)} -> 24.4 | I15: {=IFERROR(SUMPRODUCT(($A$34:$A$135=$A15)*($B$34:$B$135=$B15)*($C$34:$C$135=$D15)*($D$34:$D$135=$E15)*$J$34:$J$135*$M$34:$M$135)/SUMIFS($J$34:$J$135,$A$34:$A$135,$A15,$B$34:$B$135,$B15,$C$34:$C$135,$D15,$D$34:$D$135,$E15),0)} -> 24.4 | J15: =SUMIFS($H$34:$H$135,$A$34:$A$135,$A15,$B$34:$B$135,$B15,$C$34:$C$135,$D15,$D$34:$D$135,$E15) -> 13.155492 | K15: =SUMIFS($I$34:$I$135,$A$34:$A$135,$A15,$B$34:$B$135,$B15,$C$34:$C$135,$D15,$D$34:$D$135,$E15) -> 20.464084 | L15: =SUMIFS($J$34:$J$135,$A$34:$A$135,$A15,$B$34:$B$135,$B15,$C$34:$C$135,$D15,$D$34:$D$135,$E15) -> 25.808378 | M15: =SUMIFS($K$34:$K$135,$A$34:$A$135,$A15,$B$34:$B$135,$B15,$C$34:$C$135,$D15,$D$34:$D$135,$E15) -> 59.427955 | N15: Sector-specific pathway; EU N/Q/X availability × AE feedstock share
A16: EU | B16: 6 | C16: ATJ / MTJ | D16: ATJ-SPK | E16: Aviation-bio | F16: {=IFERROR(SUMPRODUCT(($A$34:$A$135=$A16)*($B$34:$B$135=$B16)*($C$34:$C$135=$D16)*($D$34:$D$135=$E16)*$H$34:$H$135*$M$34:$M$135)/SUMIFS($H$34:$H$135,$A$34:$A$135,$A16,$B$34:$B$135,$B16,$C$34:$C$135,$D16,$D$34:$D$135,$E16),0)} -> 0 | G16: {=IFERROR(SUMPRODUCT(($A$34:$A$135=$A16)*($B$34:$B$135=$B16)*($C$34:$C$135=$D16)*($D$34:$D$135=$E16)*$I$34:$I$135*$M$34:$M$135)/SUMIFS($I$34:$I$135,$A$34:$A$135,$A16,$B$34:$B$135,$B16,$C$34:$C$135,$D16,$D$34:$D$135,$E16),0)} -> 0 | H16: {=IFERROR(SUMPRODUCT(($A$34:$A$135=$A16)*($B$34:$B$135=$B16)*($C$34:$C$135=$D16)*($D$34:$D$135=$E16)*$K$34:$K$135*$M$34:$M$135)/SUMIFS($K$34:$K$135,$A$34:$A$135,$A16,$B$34:$B$135,$B16,$C$34:$C$135,$D16,$D$34:$D$135,$E16),0)} -> 0 | I16: {=IFERROR(SUMPRODUCT(($A$34:$A$135=$A16)*($B$34:$B$135=$B16)*($C$34:$C$135=$D16)*($D$34:$D$135=$E16)*$J$34:$J$135*$M$34:$M$135)/SUMIFS($J$34:$J$135,$A$34:$A$135,$A16,$B$34:$B$135,$B16,$C$34:$C$135,$D16,$D$34:$D$135,$E16),0)} -> 0 | J16: =SUMIFS($H$34:$H$135,$A$34:$A$135,$A16,$B$34:$B$135,$B16,$C$34:$C$135,$D16,$D$34:$D$135,$E16) -> 0 | K16: =SUMIFS($I$34:$I$135,$A$34:$A$135,$A16,$B$34:$B$135,$B16,$C$34:$C$135,$D16,$D$34:$D$135,$E16) -> 0 | L16: =SUMIFS($J$34:$J$135,$A$34:$A$135,$A16,$B$34:$B$135,$B16,$C$34:$C$135,$D16,$D$34:$D$135,$E16) -> 0 | M16: =SUMIFS($K$34:$K$135,$A$34:$A$135,$A16,$B$34:$B$135,$B16,$C$34:$C$135,$D16,$D$34:$D$135,$E16) -> 0 | N16: Sector-specific pathway; EU N/Q/X availability × AE feedstock share
A17: EU | B17: 7 | C17: Biomethane from Anaerobic Digestion | D17: Biomethane | E17: Road-bio 2030 | F17: {=IFERROR(SUMPRODUCT(($A$34:$A$135=$A17)*($B$34:$B$135=$B17)*($C$34:$C$135=$D17)*($D$34:$D$135=$E17)*$H$34:$H$135*$M$34:$M$135)/SUMIFS($H$34:$H$135,$A$34:$A$135,$A17,$B$34:$B$135,$B17,$C$34:$C$135,$D17,$D$34:$D$135,$E17),0)} -> -65.174147 | G17: {=IFERROR(SUMPRODUCT(($A$34:$A$135=$A17)*($B$34:$B$135=$B17)*($C$34:$C$135=$D17)*($D$34:$D$135=$E17)*$I$34:$I$135*$M$34:$M$135)/SUMIFS($I$34:$I$135,$A$34:$A$135,$A17,$B$34:$B$135,$B17,$C$34:$C$135,$D17,$D$34:$D$135,$E17),0)} -> -63.215969 | H17: {=IFERROR(SUMPRODUCT(($A$34:$A$135=$A17)*($B$34:$B$135=$B17)*($C$34:$C$135=$D17)*($D$34:$D$135=$E17)*$K$34:$K$135*$M$34:$M$135)/SUMIFS($K$34:$K$135,$A$34:$A$135,$A17,$B$34:$B$135,$B17,$C$34:$C$135,$D17,$D$34:$D$135,$E17),0)} -> -62.308737 | I17: {=IFERROR(SUMPRODUCT(($A$34:$A$135=$A17)*($B$34:$B$135=$B17)*($C$34:$C$135=$D17)*($D$34:$D$135=$E17)*$J$34:$J$135*$M$34:$M$135)/SUMIFS($J$34:$J$135,$A$34:$A$135,$A17,$B$34:$B$135,$B17,$C$34:$C$135,$D17,$D$34:$D$135,$E17),0)} -> -59.337639 | J17: =SUMIFS($H$34:$H$135,$A$34:$A$135,$A17,$B$34:$B$135,$B17,$C$34:$C$135,$D17,$D$34:$D$135,$E17) -> 145.33173 | K17: =SUMIFS($I$34:$I$135,$A$34:$A$135,$A17,$B$34:$B$135,$B17,$C$34:$C$135,$D17,$D$34:$D$135,$E17) -> 198.99384 | L17: =SUMIFS($J$34:$J$135,$A$34:$A$135,$A17,$B$34:$B$135,$B17,$C$34:$C$135,$D17,$D$34:$D$135,$E17) -> 200.92527 | M17: =SUMIFS($K$34:$K$135,$A$34:$A$135,$A17,$B$34:$B$135,$B17,$C$34:$C$135,$D17,$D$34:$D$135,$E17) -> 545.25084 | N17: Sector-specific pathway; EU N/Q/X availability × AE feedstock share
A18: EU | B18: 8a | C18: Gasification and Methanol Synthesis | D18: Methanol | E18: Maritime-bio | F18: {=IFERROR(SUMPRODUCT(($A$34:$A$135=$A18)*($B$34:$B$135=$B18)*($C$34:$C$135=$D18)*($D$34:$D$135=$E18)*$H$34:$H$135*$M$34:$M$135)/SUMIFS($H$34:$H$135,$A$34:$A$135,$A18,$B$34:$B$135,$B18,$C$34:$C$135,$D18,$D$34:$D$135,$E18),0)} -> 12.5 | G18: {=IFERROR(SUMPRODUCT(($A$34:$A$135=$A18)*($B$34:$B$135=$B18)*($C$34:$C$135=$D18)*($D$34:$D$135=$E18)*$I$34:$I$135*$M$34:$M$135)/SUMIFS($I$34:$I$135,$A$34:$A$135,$A18,$B$34:$B$135,$B18,$C$34:$C$135,$D18,$D$34:$D$135,$E18),0)} -> 12.5 | H18: {=IFERROR(SUMPRODUCT(($A$34:$A$135=$A18)*($B$34:$B$135=$B18)*($C$34:$C$135=$D18)*($D$34:$D$135=$E18)*$K$34:$K$135*$M$34:$M$135)/SUMIFS($K$34:$K$135,$A$34:$A$135,$A18,$B$34:$B$135,$B18,$C$34:$C$135,$D18,$D$34:$D$135,$E18),0)} -> 12.5 | I18: {=IFERROR(SUMPRODUCT(($A$34:$A$135=$A18)*($B$34:$B$135=$B18)*($C$34:$C$135=$D18)*($D$34:$D$135=$E18)*$J$34:$J$135*$M$34:$M$135)/SUMIFS($J$34:$J$135,$A$34:$A$135,$A18,$B$34:$B$135,$B18,$C$34:$C$135,$D18,$D$34:$D$135,$E18),0)} -> 12.5 | J18: =SUMIFS($H$34:$H$135,$A$34:$A$135,$A18,$B$34:$B$135,$B18,$C$34:$C$135,$D18,$D$34:$D$135,$E18) -> 41.755582 | K18: =SUMIFS($I$34:$I$135,$A$34:$A$135,$A18,$B$34:$B$135,$B18,$C$34:$C$135,$D18,$D$34:$D$135,$E18) -> 58.944139 | L18: =SUMIFS($J$34:$J$135,$A$34:$A$135,$A18,$B$34:$B$135,$B18,$C$34:$C$135,$D18,$D$34:$D$135,$E18) -> 70.45409 | M18: =SUMIFS($K$34:$K$135,$A$34:$A$135,$A18,$B$34:$B$135,$B18,$C$34:$C$135,$D18,$D$34:$D$135,$E18) -> 171.15381 | N18: Sector-specific pathway; EU N/Q/X availability × AE feedstock share
A19: EU | B19: 8b | C19: Methane reforming and Methanolysis | D19: Methanol | E19: Maritime-bio | F19: {=IFERROR(SUMPRODUCT(($A$34:$A$135=$A19)*($B$34:$B$135=$B19)*($C$34:$C$135=$D19)*($D$34:$D$135=$E19)*$H$34:$H$135*$M$34:$M$135)/SUMIFS($H$34:$H$135,$A$34:$A$135,$A19,$B$34:$B$135,$B19,$C$34:$C$135,$D19,$D$34:$D$135,$E19),0)} -> 12 | G19: {=IFERROR(SUMPRODUCT(($A$34:$A$135=$A19)*($B$34:$B$135=$B19)*($C$34:$C$135=$D19)*($D$34:$D$135=$E19)*$I$34:$I$135*$M$34:$M$135)/SUMIFS($I$34:$I$135,$A$34:$A$135,$A19,$B$34:$B$135,$B19,$C$34:$C$135,$D19,$D$34:$D$135,$E19),0)} -> 12 | H19: {=IFERROR(SUMPRODUCT(($A$34:$A$135=$A19)*($B$34:$B$135=$B19)*($C$34:$C$135=$D19)*($D$34:$D$135=$E19)*$K$34:$K$135*$M$34:$M$135)/SUMIFS($K$34:$K$135,$A$34:$A$135,$A19,$B$34:$B$135,$B19,$C$34:$C$135,$D19,$D$34:$D$135,$E19),0)} -> 12 | I19: {=IFERROR(SUMPRODUCT(($A$34:$A$135=$A19)*($B$34:$B$135=$B19)*($C$34:$C$135=$D19)*($D$34:$D$135=$E19)*$J$34:$J$135*$M$34:$M$135)/SUMIFS($J$34:$J$135,$A$34:$A$135,$A19,$B$34:$B$135,$B19,$C$34:$C$135,$D19,$D$34:$D$135,$E19),0)} -> 0 | J19: =SUMIFS($H$34:$H$135,$A$34:$A$135,$A19,$B$34:$B$135,$B19,$C$34:$C$135,$D19,$D$34:$D$135,$E19) -> 2.296 | K19: =SUMIFS($I$34:$I$135,$A$34:$A$135,$A19,$B$34:$B$135,$B19,$C$34:$C$135,$D19,$D$34:$D$135,$E19) -> 26.023398 | L19: =SUMIFS($J$34:$J$135,$A$34:$A$135,$A19,$B$34:$B$135,$B19,$C$34:$C$135,$D19,$D$34:$D$135,$E19) -> 0 | M19: =SUMIFS($K$34:$K$135,$A$34:$A$135,$A19,$B$34:$B$135,$B19,$C$34:$C$135,$D19,$D$34:$D$135,$E19) -> 28.319398 | N19: Sector-specific pathway; EU N/Q/X availability × AE feedstock share
A20: EU | B20: 8c | C20: Methanolysis from CO2 and green H2 | D20: e-Methanol (RFNBO) | E20: Maritime-e | F20: {=IFERROR(SUMPRODUCT(($A$34:$A$135=$A20)*($B$34:$B$135=$B20)*($C$34:$C$135=$D20)*($D$34:$D$135=$E20)*$H$34:$H$135*$M$34:$M$135)/SUMIFS($H$34:$H$135,$A$34:$A$135,$A20,$B$34:$B$135,$B20,$C$34:$C$135,$D20,$D$34:$D$135,$E20),0)} -> 1.8 | G20: {=IFERROR(SUMPRODUCT(($A$34:$A$135=$A20)*($B$34:$B$135=$B20)*($C$34:$C$135=$D20)*($D$34:$D$135=$E20)*$I$34:$I$135*$M$34:$M$135)/SUMIFS($I$34:$I$135,$A$34:$A$135,$A20,$B$34:$B$135,$B20,$C$34:$C$135,$D20,$D$34:$D$135,$E20),0)} -> 1.8 | H20: {=IFERROR(SUMPRODUCT(($A$34:$A$135=$A20)*($B$34:$B$135=$B20)*($C$34:$C$135=$D20)*($D$34:$D$135=$E20)*$K$34:$K$135*$M$34:$M$135)/SUMIFS($K$34:$K$135,$A$34:$A$135,$A20,$B$34:$B$135,$B20,$C$34:$C$135,$D20,$D$34:$D$135,$E20),0)} -> 1.8 | I20: {=IFERROR(SUMPRODUCT(($A$34:$A$135=$A20)*($B$34:$B$135=$B20)*($C$34:$C$135=$D20)*($D$34:$D$135=$E20)*$J$34:$J$135*$M$34:$M$135)/SUMIFS($J$34:$J$135,$A$34:$A$135,$A20,$B$34:$B$135,$B20,$C$34:$C$135,$D20,$D$34:$D$135,$E20),0)} -> 1.8 | J20: =SUMIFS($H$34:$H$135,$A$34:$A$135,$A20,$B$34:$B$135,$B20,$C$34:$C$135,$D20,$D$34:$D$135,$E20) -> 16.34 | K20: =SUMIFS($I$34:$I$135,$A$34:$A$135,$A20,$B$34:$B$135,$B20,$C$34:$C$135,$D20,$D$34:$D$135,$E20) -> 16.34 | L20: =SUMIFS($J$34:$J$135,$A$34:$A$135,$A20,$B$34:$B$135,$B20,$C$34:$C$135,$D20,$D$34:$D$135,$E20) -> 32.195 | M20: =SUMIFS($K$34:$K$135,$A$34:$A$135,$A20,$B$34:$B$135,$B20,$C$34:$C$135,$D20,$D$34:$D$135,$E20) -> 64.875 | N20: Sector-specific pathway; EU N/Q/X availability × AE feedstock share
A21: EU | B21: 8d | C21: Methanol from pulping | D21: Pathway output | E21: Other / multi-sector | F21: {=IFERROR(SUMPRODUCT(($A$34:$A$135=$A21)*($B$34:$B$135=$B21)*($C$34:$C$135=$D21)*($D$34:$D$135=$E21)*$H$34:$H$135*$M$34:$M$135)/SUMIFS($H$34:$H$135,$A$34:$A$135,$A21,$B$34:$B$135,$B21,$C$34:$C$135,$D21,$D$34:$D$135,$E21),0)} -> 0 | G21: {=IFERROR(SUMPRODUCT(($A$34:$A$135=$A21)*($B$34:$B$135=$B21)*($C$34:$C$135=$D21)*($D$34:$D$135=$E21)*$I$34:$I$135*$M$34:$M$135)/SUMIFS($I$34:$I$135,$A$34:$A$135,$A21,$B$34:$B$135,$B21,$C$34:$C$135,$D21,$D$34:$D$135,$E21),0)} -> 0 | H21: {=IFERROR(SUMPRODUCT(($A$34:$A$135=$A21)*($B$34:$B$135=$B21)*($C$34:$C$135=$D21)*($D$34:$D$135=$E21)*$K$34:$K$135*$M$34:$M$135)/SUMIFS($K$34:$K$135,$A$34:$A$135,$A21,$B$34:$B$135,$B21,$C$34:$C$135,$D21,$D$34:$D$135,$E21),0)} -> 0 | I21: {=IFERROR(SUMPRODUCT(($A$34:$A$135=$A21)*($B$34:$B$135=$B21)*($C$34:$C$135=$D21)*($D$34:$D$135=$E21)*$J$34:$J$135*$M$34:$M$135)/SUMIFS($J$34:$J$135,$A$34:$A$135,$A21,$B$34:$B$135,$B21,$C$34:$C$135,$D21,$D$34:$D$135,$E21),0)} -> 0 | J21: =SUMIFS($H$34:$H$135,$A$34:$A$135,$A21,$B$34:$B$135,$B21,$C$34:$C$135,$D21,$D$34:$D$135,$E21) -> 0 | K21: =SUMIFS($I$34:$I$135,$A$34:$A$135,$A21,$B$34:$B$135,$B21,$C$34:$C$135,$D21,$D$34:$D$135,$E21) -> 0 | L21: =SUMIFS($J$34:$J$135,$A$34:$A$135,$A21,$B$34:$B$135,$B21,$C$34:$C$135,$D21,$D$34:$D$135,$E21) -> 0 | M21: =SUMIFS($K$34:$K$135,$A$34:$A$135,$A21,$B$34:$B$135,$B21,$C$34:$C$135,$D21,$D$34:$D$135,$E21) -> 0 | N21: Sector-specific pathway; EU N/Q/X availability × AE feedstock share
A22: EU | B22: 9a | C22: Gasification and Methanation | D22: Methane | E22: Maritime -bio | F22: {=IFERROR(SUMPRODUCT(($A$34:$A$135=$A22)*($B$34:$B$135=$B22)*($C$34:$C$135=$D22)*($D$34:$D$135=$E22)*$H$34:$H$135*$M$34:$M$135)/SUMIFS($H$34:$H$135,$A$34:$A$135,$A22,$B$34:$B$135,$B22,$C$34:$C$135,$D22,$D$34:$D$135,$E22),0)} -> 21.696065 | G22: {=IFERROR(SUMPRODUCT(($A$34:$A$135=$A22)*($B$34:$B$135=$B22)*($C$34:$C$135=$D22)*($D$34:$D$135=$E22)*$I$34:$I$135*$M$34:$M$135)/SUMIFS($I$34:$I$135,$A$34:$A$135,$A22,$B$34:$B$135,$B22,$C$34:$C$135,$D22,$D$34:$D$135,$E22),0)} -> 21.554247 | H22: {=IFERROR(SUMPRODUCT(($A$34:$A$135=$A22)*($B$34:$B$135=$B22)*($C$34:$C$135=$D22)*($D$34:$D$135=$E22)*$K$34:$K$135*$M$34:$M$135)/SUMIFS($K$34:$K$135,$A$34:$A$135,$A22,$B$34:$B$135,$B22,$C$34:$C$135,$D22,$D$34:$D$135,$E22),0)} -> 21.754917 | I22: {=IFERROR(SUMPRODUCT(($A$34:$A$135=$A22)*($B$34:$B$135=$B22)*($C$34:$C$135=$D22)*($D$34:$D$135=$E22)*$J$34:$J$135*$M$34:$M$135)/SUMIFS($J$34:$J$135,$A$34:$A$135,$A22,$B$34:$B$135,$B22,$C$34:$C$135,$D22,$D$34:$D$135,$E22),0)} -> 21.957683 | J22: =SUMIFS($H$34:$H$135,$A$34:$A$135,$A22,$B$34:$B$135,$B22,$C$34:$C$135,$D22,$D$34:$D$135,$E22) -> 41.755582 | K22: =SUMIFS($I$34:$I$135,$A$34:$A$135,$A22,$B$34:$B$135,$B22,$C$34:$C$135,$D22,$D$34:$D$135,$E22) -> 58.944139 | L22: =SUMIFS($J$34:$J$135,$A$34:$A$135,$A22,$B$34:$B$135,$B22,$C$34:$C$135,$D22,$D$34:$D$135,$E22) -> 70.45409 | M22: =SUMIFS($K$34:$K$135,$A$34:$A$135,$A22,$B$34:$B$135,$B22,$C$34:$C$135,$D22,$D$34:$D$135,$E22) -> 171.15381 | N22: Sector-specific pathway; EU N/Q/X availability × AE feedstock share
A23: EU | B23: 9b | C23: Methanation from CO2 and green H2 | D23: e-Methane (RFNBO) | E23: Maritime-e 2040/ 2050 | F23: {=IFERROR(SUMPRODUCT(($A$34:$A$135=$A23)*($B$34:$B$135=$B23)*($C$34:$C$135=$D23)*($D$34:$D$135=$E23)*$H$34:$H$135*$M$34:$M$135)/SUMIFS($H$34:$H$135,$A$34:$A$135,$A23,$B$34:$B$135,$B23,$C$34:$C$135,$D23,$D$34:$D$135,$E23),0)} -> 2.4 | G23: {=IFERROR(SUMPRODUCT(($A$34:$A$135=$A23)*($B$34:$B$135=$B23)*($C$34:$C$135=$D23)*($D$34:$D$135=$E23)*$I$34:$I$135*$M$34:$M$135)/SUMIFS($I$34:$I$135,$A$34:$A$135,$A23,$B$34:$B$135,$B23,$C$34:$C$135,$D23,$D$34:$D$135,$E23),0)} -> 2.4 | H23: {=IFERROR(SUMPRODUCT(($A$34:$A$135=$A23)*($B$34:$B$135=$B23)*($C$34:$C$135=$D23)*($D$34:$D$135=$E23)*$K$34:$K$135*$M$34:$M$135)/SUMIFS($K$34:$K$135,$A$34:$A$135,$A23,$B$34:$B$135,$B23,$C$34:$C$135,$D23,$D$34:$D$135,$E23),0)} -> 2.4 | I23: {=IFERROR(SUMPRODUCT(($A$34:$A$135=$A23)*($B$34:$B$135=$B23)*($C$34:$C$135=$D23)*($D$34:$D$135=$E23)*$J$34:$J$135*$M$34:$M$135)/SUMIFS($J$34:$J$135,$A$34:$A$135,$A23,$B$34:$B$135,$B23,$C$34:$C$135,$D23,$D$34:$D$135,$E23),0)} -> 2.4 | J23: =SUMIFS($H$34:$H$135,$A$34:$A$135,$A23,$B$34:$B$135,$B23,$C$34:$C$135,$D23,$D$34:$D$135,$E23) -> 16.34 | K23: =SUMIFS($I$34:$I$135,$A$34:$A$135,$A23,$B$34:$B$135,$B23,$C$34:$C$135,$D23,$D$34:$D$135,$E23) -> 16.34 | L23: =SUMIFS($J$34:$J$135,$A$34:$A$135,$A23,$B$34:$B$135,$B23,$C$34:$C$135,$D23,$D$34:$D$135,$E23) -> 32.195 | M23: =SUMIFS($K$34:$K$135,$A$34:$A$135,$A23,$B$34:$B$135,$B23,$C$34:$C$135,$D23,$D$34:$D$135,$E23) -> 64.875 | N23: Sector-specific pathway; EU N/Q/X availability × AE feedstock share
A24: EU | B24: 11a | C24: Gasification and FT-Synthesis | D24: Biodiesel | E24: Road-bio | F24: {=IFERROR(SUMPRODUCT(($A$34:$A$135=$A24)*($B$34:$B$135=$B24)*($C$34:$C$135=$D24)*($D$34:$D$135=$E24)*$H$34:$H$135*$M$34:$M$135)/SUMIFS($H$34:$H$135,$A$34:$A$135,$A24,$B$34:$B$135,$B24,$C$34:$C$135,$D24,$D$34:$D$135,$E24),0)} -> 8.6212619 | G24: {=IFERROR(SUMPRODUCT(($A$34:$A$135=$A24)*($B$34:$B$135=$B24)*($C$34:$C$135=$D24)*($D$34:$D$135=$E24)*$I$34:$I$135*$M$34:$M$135)/SUMIFS($I$34:$I$135,$A$34:$A$135,$A24,$B$34:$B$135,$B24,$C$34:$C$135,$D24,$D$34:$D$135,$E24),0)} -> 8.433562 | H24: {=IFERROR(SUMPRODUCT(($A$34:$A$135=$A24)*($B$34:$B$135=$B24)*($C$34:$C$135=$D24)*($D$34:$D$135=$E24)*$K$34:$K$135*$M$34:$M$135)/SUMIFS($K$34:$K$135,$A$34:$A$135,$A24,$B$34:$B$135,$B24,$C$34:$C$135,$D24,$D$34:$D$135,$E24),0)} -> 8.6991543 | I24: {=IFERROR(SUMPRODUCT(($A$34:$A$135=$A24)*($B$34:$B$135=$B24)*($C$34:$C$135=$D24)*($D$34:$D$135=$E24)*$J$34:$J$135*$M$34:$M$135)/SUMIFS($J$34:$J$135,$A$34:$A$135,$A24,$B$34:$B$135,$B24,$C$34:$C$135,$D24,$D$34:$D$135,$E24),0)} -> 8.9675213 | J24: =SUMIFS($H$34:$H$135,$A$34:$A$135,$A24,$B$34:$B$135,$B24,$C$34:$C$135,$D24,$D$34:$D$135,$E24) -> 20.877791 | K24: =SUMIFS($I$34:$I$135,$A$34:$A$135,$A24,$B$34:$B$135,$B24,$C$34:$C$135,$D24,$D$34:$D$135,$E24) -> 29.472069 | L24: =SUMIFS($J$34:$J$135,$A$34:$A$135,$A24,$B$34:$B$135,$B24,$C$34:$C$135,$D24,$D$34:$D$135,$E24) -> 35.227045 | M24: =SUMIFS($K$34:$K$135,$A$34:$A$135,$A24,$B$34:$B$135,$B24,$C$34:$C$135,$D24,$D$34:$D$135,$E24) -> 85.576905 | N24: Sector-specific pathway; EU N/Q/X availability × AE feedstock share
A25: EU | B25: 11a | C25: Gasification and FT-Synthesis | D25: FT-SPK | E25: Aviation-bio | F25: {=IFERROR(SUMPRODUCT(($A$34:$A$135=$A25)*($B$34:$B$135=$B25)*($C$34:$C$135=$D25)*($D$34:$D$135=$E25)*$H$34:$H$135*$M$34:$M$135)/SUMIFS($H$34:$H$135,$A$34:$A$135,$A25,$B$34:$B$135,$B25,$C$34:$C$135,$D25,$D$34:$D$135,$E25),0)} -> 8.6212619 | G25: {=IFERROR(SUMPRODUCT(($A$34:$A$135=$A25)*($B$34:$B$135=$B25)*($C$34:$C$135=$D25)*($D$34:$D$135=$E25)*$I$34:$I$135*$M$34:$M$135)/SUMIFS($I$34:$I$135,$A$34:$A$135,$A25,$B$34:$B$135,$B25,$C$34:$C$135,$D25,$D$34:$D$135,$E25),0)} -> 8.433562 | H25: {=IFERROR(SUMPRODUCT(($A$34:$A$135=$A25)*($B$34:$B$135=$B25)*($C$34:$C$135=$D25)*($D$34:$D$135=$E25)*$K$34:$K$135*$M$34:$M$135)/SUMIFS($K$34:$K$135,$A$34:$A$135,$A25,$B$34:$B$135,$B25,$C$34:$C$135,$D25,$D$34:$D$135,$E25),0)} -> 8.6991543 | I25: {=IFERROR(SUMPRODUCT(($A$34:$A$135=$A25)*($B$34:$B$135=$B25)*($C$34:$C$135=$D25)*($D$34:$D$135=$E25)*$J$34:$J$135*$M$34:$M$135)/SUMIFS($J$34:$J$135,$A$34:$A$135,$A25,$B$34:$B$135,$B25,$C$34:$C$135,$D25,$D$34:$D$135,$E25),0)} -> 8.9675213 | J25: =SUMIFS($H$34:$H$135,$A$34:$A$135,$A25,$B$34:$B$135,$B25,$C$34:$C$135,$D25,$D$34:$D$135,$E25) -> 20.877791 | K25: =SUMIFS($I$34:$I$135,$A$34:$A$135,$A25,$B$34:$B$135,$B25,$C$34:$C$135,$D25,$D$34:$D$135,$E25) -> 29.472069 | L25: =SUMIFS($J$34:$J$135,$A$34:$A$135,$A25,$B$34:$B$135,$B25,$C$34:$C$135,$D25,$D$34:$D$135,$E25) -> 35.227045 | M25: =SUMIFS($K$34:$K$135,$A$34:$A$135,$A25,$B$34:$B$135,$B25,$C$34:$C$135,$D25,$D$34:$D$135,$E25) -> 85.576905 | N25: Sector-specific pathway; EU N/Q/X availability × AE feedstock share
A26: EU | B26: 12 | C26: Gas Fermentation to Ethanol | D26: Pathway output | E26: Road | F26: {=IFERROR(SUMPRODUCT(($A$34:$A$135=$A26)*($B$34:$B$135=$B26)*($C$34:$C$135=$D26)*($D$34:$D$135=$E26)*$H$34:$H$135*$M$34:$M$135)/SUMIFS($H$34:$H$135,$A$34:$A$135,$A26,$B$34:$B$135,$B26,$C$34:$C$135,$D26,$D$34:$D$135,$E26),0)} -> 29.4 | G26: {=IFERROR(SUMPRODUCT(($A$34:$A$135=$A26)*($B$34:$B$135=$B26)*($C$34:$C$135=$D26)*($D$34:$D$135=$E26)*$I$34:$I$135*$M$34:$M$135)/SUMIFS($I$34:$I$135,$A$34:$A$135,$A26,$B$34:$B$135,$B26,$C$34:$C$135,$D26,$D$34:$D$135,$E26),0)} -> 29.4 | H26: {=IFERROR(SUMPRODUCT(($A$34:$A$135=$A26)*($B$34:$B$135=$B26)*($C$34:$C$135=$D26)*($D$34:$D$135=$E26)*$K$34:$K$135*$M$34:$M$135)/SUMIFS($K$34:$K$135,$A$34:$A$135,$A26,$B$34:$B$135,$B26,$C$34:$C$135,$D26,$D$34:$D$135,$E26),0)} -> 29.4 | I26: {=IFERROR(SUMPRODUCT(($A$34:$A$135=$A26)*($B$34:$B$135=$B26)*($C$34:$C$135=$D26)*($D$34:$D$135=$E26)*$J$34:$J$135*$M$34:$M$135)/SUMIFS($J$34:$J$135,$A$34:$A$135,$A26,$B$34:$B$135,$B26,$C$34:$C$135,$D26,$D$34:$D$135,$E26),0)} -> 0 | J26: =SUMIFS($H$34:$H$135,$A$34:$A$135,$A26,$B$34:$B$135,$B26,$C$34:$C$135,$D26,$D$34:$D$135,$E26) -> 0.5 | K26: =SUMIFS($I$34:$I$135,$A$34:$A$135,$A26,$B$34:$B$135,$B26,$C$34:$C$135,$D26,$D$34:$D$135,$E26) -> 39.304744 | L26: =SUMIFS($J$34:$J$135,$A$34:$A$135,$A26,$B$34:$B$135,$B26,$C$34:$C$135,$D26,$D$34:$D$135,$E26) -> 0 | M26: =SUMIFS($K$34:$K$135,$A$34:$A$135,$A26,$B$34:$B$135,$B26,$C$34:$C$135,$D26,$D$34:$D$135,$E26) -> 39.804744 | N26: Sector-specific pathway; EU N/Q/X availability × AE feedstock share
A27: EU | B27: 13a | C27: Pyrolysis and Co-processing in Refinery | D27: Gasoline+Diesel | E27: Road, aviation., maritim | F27: {=IFERROR(SUMPRODUCT(($A$34:$A$135=$A27)*($B$34:$B$135=$B27)*($C$34:$C$135=$D27)*($D$34:$D$135=$E27)*$H$34:$H$135*$M$34:$M$135)/SUMIFS($H$34:$H$135,$A$34:$A$135,$A27,$B$34:$B$135,$B27,$C$34:$C$135,$D27,$D$34:$D$135,$E27),0)} -> 55.5 | G27: {=IFERROR(SUMPRODUCT(($A$34:$A$135=$A27)*($B$34:$B$135=$B27)*($C$34:$C$135=$D27)*($D$34:$D$135=$E27)*$I$34:$I$135*$M$34:$M$135)/SUMIFS($I$34:$I$135,$A$34:$A$135,$A27,$B$34:$B$135,$B27,$C$34:$C$135,$D27,$D$34:$D$135,$E27),0)} -> 55.5 | H27: {=IFERROR(SUMPRODUCT(($A$34:$A$135=$A27)*($B$34:$B$135=$B27)*($C$34:$C$135=$D27)*($D$34:$D$135=$E27)*$K$34:$K$135*$M$34:$M$135)/SUMIFS($K$34:$K$135,$A$34:$A$135,$A27,$B$34:$B$135,$B27,$C$34:$C$135,$D27,$D$34:$D$135,$E27),0)} -> 55.5 | I27: {=IFERROR(SUMPRODUCT(($A$34:$A$135=$A27)*($B$34:$B$135=$B27)*($C$34:$C$135=$D27)*($D$34:$D$135=$E27)*$J$34:$J$135*$M$34:$M$135)/SUMIFS($J$34:$J$135,$A$34:$A$135,$A27,$B$34:$B$135,$B27,$C$34:$C$135,$D27,$D$34:$D$135,$E27),0)} -> 55.5 | J27: =SUMIFS($H$34:$H$135,$A$34:$A$135,$A27,$B$34:$B$135,$B27,$C$34:$C$135,$D27,$D$34:$D$135,$E27) -> 38.25428 | K27: =SUMIFS($I$34:$I$135,$A$34:$A$135,$A27,$B$34:$B$135,$B27,$C$34:$C$135,$D27,$D$34:$D$135,$E27) -> 54.628347 | L27: =SUMIFS($J$34:$J$135,$A$34:$A$135,$A27,$B$34:$B$135,$B27,$C$34:$C$135,$D27,$D$34:$D$135,$E27) -> 65.9286 | M27: =SUMIFS($K$34:$K$135,$A$34:$A$135,$A27,$B$34:$B$135,$B27,$C$34:$C$135,$D27,$D$34:$D$135,$E27) -> 158.81123 | N27: Sector-specific pathway; EU N/Q/X availability × AE feedstock share
A28: EU | B28: 13b | C28: Pyrolysis (and Thermo-Catalytic Reforming) and Upgrading (gasoline) / Pyrolysis (and Thermo-Catalytic Reforming) and Upgrading (HFO) | D28: Biogasoline | E28: Road-bio | F28: {=IFERROR(SUMPRODUCT(($A$34:$A$135=$A28)*($B$34:$B$135=$B28)*($C$34:$C$135=$D28)*($D$34:$D$135=$E28)*$H$34:$H$135*$M$34:$M$135)/SUMIFS($H$34:$H$135,$A$34:$A$135,$A28,$B$34:$B$135,$B28,$C$34:$C$135,$D28,$D$34:$D$135,$E28),0)} -> 26.8 | G28: {=IFERROR(SUMPRODUCT(($A$34:$A$135=$A28)*($B$34:$B$135=$B28)*($C$34:$C$135=$D28)*($D$34:$D$135=$E28)*$I$34:$I$135*$M$34:$M$135)/SUMIFS($I$34:$I$135,$A$34:$A$135,$A28,$B$34:$B$135,$B28,$C$34:$C$135,$D28,$D$34:$D$135,$E28),0)} -> 26.8 | H28: {=IFERROR(SUMPRODUCT(($A$34:$A$135=$A28)*($B$34:$B$135=$B28)*($C$34:$C$135=$D28)*($D$34:$D$135=$E28)*$K$34:$K$135*$M$34:$M$135)/SUMIFS($K$34:$K$135,$A$34:$A$135,$A28,$B$34:$B$135,$B28,$C$34:$C$135,$D28,$D$34:$D$135,$E28),0)} -> 26.8 | I28: {=IFERROR(SUMPRODUCT(($A$34:$A$135=$A28)*($B$34:$B$135=$B28)*($C$34:$C$135=$D28)*($D$34:$D$135=$E28)*$J$34:$J$135*$M$34:$M$135)/SUMIFS($J$34:$J$135,$A$34:$A$135,$A28,$B$34:$B$135,$B28,$C$34:$C$135,$D28,$D$34:$D$135,$E28),0)} -> 26.8 | J28: =SUMIFS($H$34:$H$135,$A$34:$A$135,$A28,$B$34:$B$135,$B28,$C$34:$C$135,$D28,$D$34:$D$135,$E28) -> 19.493075 | K28: =SUMIFS($I$34:$I$135,$A$34:$A$135,$A28,$B$34:$B$135,$B28,$C$34:$C$135,$D28,$D$34:$D$135,$E28) -> 27.938328 | L28: =SUMIFS($J$34:$J$135,$A$34:$A$135,$A28,$B$34:$B$135,$B28,$C$34:$C$135,$D28,$D$34:$D$135,$E28) -> 38.066472 | M28: =SUMIFS($K$34:$K$135,$A$34:$A$135,$A28,$B$34:$B$135,$B28,$C$34:$C$135,$D28,$D$34:$D$135,$E28) -> 85.497875 | N28: Sector-specific pathway; EU N/Q/X availability × AE feedstock share
A29: EU | B29: 13b | C29: Pyrolysis (and Thermo-Catalytic Reforming) and Upgrading (gasoline) / Pyrolysis (and Thermo-Catalytic Reforming) and Upgrading (HFO) | D29: Bio-heavy fuel oil | E29: Maritime-bio 2040/2050 | F29: {=IFERROR(SUMPRODUCT(($A$34:$A$135=$A29)*($B$34:$B$135=$B29)*($C$34:$C$135=$D29)*($D$34:$D$135=$E29)*$H$34:$H$135*$M$34:$M$135)/SUMIFS($H$34:$H$135,$A$34:$A$135,$A29,$B$34:$B$135,$B29,$C$34:$C$135,$D29,$D$34:$D$135,$E29),0)} -> 26.8 | G29: {=IFERROR(SUMPRODUCT(($A$34:$A$135=$A29)*($B$34:$B$135=$B29)*($C$34:$C$135=$D29)*($D$34:$D$135=$E29)*$I$34:$I$135*$M$34:$M$135)/SUMIFS($I$34:$I$135,$A$34:$A$135,$A29,$B$34:$B$135,$B29,$C$34:$C$135,$D29,$D$34:$D$135,$E29),0)} -> 26.8 | H29: {=IFERROR(SUMPRODUCT(($A$34:$A$135=$A29)*($B$34:$B$135=$B29)*($C$34:$C$135=$D29)*($D$34:$D$135=$E29)*$K$34:$K$135*$M$34:$M$135)/SUMIFS($K$34:$K$135,$A$34:$A$135,$A29,$B$34:$B$135,$B29,$C$34:$C$135,$D29,$D$34:$D$135,$E29),0)} -> 26.8 | I29: {=IFERROR(SUMPRODUCT(($A$34:$A$135=$A29)*($B$34:$B$135=$B29)*($C$34:$C$135=$D29)*($D$34:$D$135=$E29)*$J$34:$J$135*$M$34:$M$135)/SUMIFS($J$34:$J$135,$A$34:$A$135,$A29,$B$34:$B$135,$B29,$C$34:$C$135,$D29,$D$34:$D$135,$E29),0)} -> 26.8 | J29: =SUMIFS($H$34:$H$135,$A$34:$A$135,$A29,$B$34:$B$135,$B29,$C$34:$C$135,$D29,$D$34:$D$135,$E29) -> 19.493075 | K29: =SUMIFS($I$34:$I$135,$A$34:$A$135,$A29,$B$34:$B$135,$B29,$C$34:$C$135,$D29,$D$34:$D$135,$E29) -> 27.938328 | L29: =SUMIFS($J$34:$J$135,$A$34:$A$135,$A29,$B$34:$B$135,$B29,$C$34:$C$135,$D29,$D$34:$D$135,$E29) -> 38.066472 | M29: =SUMIFS($K$34:$K$135,$A$34:$A$135,$A29,$B$34:$B$135,$B29,$C$34:$C$135,$D29,$D$34:$D$135,$E29) -> 85.497875 | N29: Sector-specific pathway; EU N/Q/X availability × AE feedstock share
A32: Feedstock Weight and Sector-Specific Benchmark Audit Trail
A33: Region | B33: IVC No. | C33: Product | D33: Sector Destination | E33: Source Row | F33: Feedstock Category | G33: AE Share Used | H33: N x AE | I33: Q x AE | J33: X x AE | K33: Combined Raw Weight | L33: Normalized Pathway Weight | M33: Assigned gCO2eq/MJ | N33: Benchmark / Proxy
A34: EU | B34: 1 | C34: FAME | D34: Road-bio | E34: 9 | F34: UCO, brown grease, animal fat | G34: =IF(ISNUMBER('Availabilities EU Austria'!$AE$9),'Availabilities EU Austria'!$AE$9,IF(ISNUMBER('Availabilities EU Austria'!$AE$7),'Availabilities EU Austria'!$AE$7,1)) -> 0.5 | H34: =IF(ISNUMBER('Availabilities EU Austria'!$N$9),'Availabilities EU Austria'!$N$9,0)*$G34 -> 1.741836 | I34: =IF(ISNUMBER('Availabilities EU Austria'!$Q$9),'Availabilities EU Austria'!$Q$9,0)*$G34 -> 3.0212618 | J34: =IF(ISNUMBER('Availabilities EU Austria'!$X$9),'Availabilities EU Austria'!$X$9,0)*$G34 -> 4.8006866 | K34: =SUM(H34:J34) -> 9.5637844 | L34: =IF(SUMIFS($K$34:$K$135,$A$34:$A$135,$A34,$B$34:$B$135,$B34,$C$34:$C$135,$C34,$D$34:$D$135,$D34)=0,1/COUNTIFS($A$34:$A$135,$A34,$B$34:$B$135,$B34,$C$34:$C$135,$C34,$D$34:$D$135,$D34),K34/SUMIFS($K$34:$K$135,$A$34:$A$135,$A34,$B$34:$B$135,$B34,$C$34:$C$135,$C34,$D$34:$D$135,$D34)) -> 1 | M34: =AVERAGE(Tabelle1!$I$4,Tabelle1!$I$5) -> 12.15 | N34: Blended UCO and animal-fat benchmark
A35: EU | B35: 2 | C35: HVO | D35: Road-bio | E35: 12 | F35: UCO, brown grease, animal fat | G35: =IF(ISNUMBER('Availabilities EU Austria'!$AE$12),'Availabilities EU Austria'!$AE$12,IF(ISNUMBER('Availabilities EU Austria'!$AE$10),'Availabilities EU Austria'!$AE$10,1)) -> 0.25 | H35: =IF(ISNUMBER('Availabilities EU Austria'!$N$12),'Availabilities EU Austria'!$N$12,0)*$G35 -> 0.87091801 | I35: =IF(ISNUMBER('Availabilities EU Austria'!$Q$12),'Availabilities EU Austria'!$Q$12,0)*$G35 -> 1.5106309 | J35: =IF(ISNUMBER('Availabilities EU Austria'!$X$12),'Availabilities EU Austria'!$X$12,0)*$G35 -> 2.4003433 | K35: =SUM(H35:J35) -> 4.7818922 | L35: =IF(SUMIFS($K$34:$K$135,$A$34:$A$135,$A35,$B$34:$B$135,$B35,$C$34:$C$135,$C35,$D$34:$D$135,$D35)=0,1/COUNTIFS($A$34:$A$135,$A35,$B$34:$B$135,$B35,$C$34:$C$135,$C35,$D$34:$D$135,$D35),K35/SUMIFS($K$34:$K$135,$A$34:$A$135,$A35,$B$34:$B$135,$B35,$C$34:$C$135,$C35,$D$34:$D$135,$D35)) -> 0.40441782 | M35: =Tabelle1!$I$7 -> 13.775 | N35: HVO UCO/animal-fat benchmark
A36: EU | B36: 2 | C36: HVO | D36: Road-bio | E36: 13 | F36: Tall oil | G36: =IF(ISNUMBER('Availabilities EU Austria'!$AE$13),'Availabilities EU Austria'!$AE$13,IF(ISNUMBER('Availabilities EU Austria'!$AE$10),'Availabilities EU Austria'!$AE$10,1)) -> 0.5 | H36: =IF(ISNUMBER('Availabilities EU Austria'!$N$13),'Availabilities EU Austria'!$N$13,0)*$G36 -> 0.2 | I36: =IF(ISNUMBER('Availabilities EU Austria'!$Q$13),'Availabilities EU Austria'!$Q$13,0)*$G36 -> 0.4 | J36: =IF(ISNUMBER('Availabilities EU Austria'!$X$13),'Availabilities EU Austria'!$X$13,0)*$G36 -> 0.7 | K36: =SUM(H36:J36) -> 1.3 | L36: =IF(SUMIFS($K$34:$K$135,$A$34:$A$135,$A36,$B$34:$B$135,$B36,$C$34:$C$135,$C36,$D$34:$D$135,$D36)=0,1/COUNTIFS($A$34:$A$135,$A36,$B$34:$B$135,$B36,$C$34:$C$135,$C36,$D$34:$D$135,$D36),K36/SUMIFS($K$34:$K$135,$A$34:$A$135,$A36,$B$34:$B$135,$B36,$C$34:$C$135,$C36,$D$34:$D$135,$D36)) -> 0.10994459 | M36: =Tabelle1!$I$8 -> 10.8 | N36: HVO POME benchmark
A37: EU | B37: 2 | C37: HVO | D37: Road-bio | E37: 14 | F37: FPBO (Intermediate bioenergy carrier) | G37: =IF(ISNUMBER('Availabilities EU Austria'!$AE$14),'Availabilities EU Austria'!$AE$14,IF(ISNUMBER('Availabilities EU Austria'!$AE$10),'Availabilities EU Austria'!$AE$10,1)) -> 0.125 | H37: =IF(ISNUMBER('Availabilities EU Austria'!$N$14),'Availabilities EU Austria'!$N$14,0)*$G37 -> 0.64850536 | I37: =IF(ISNUMBER('Availabilities EU Austria'!$Q$14),'Availabilities EU Austria'!$Q$14,0)*$G37 -> 0.92608658 | J37: =IF(ISNUMBER('Availabilities EU Austria'!$X$14),'Availabilities EU Austria'!$X$14,0)*$G37 -> 1.117654 | K37: =SUM(H37:J37) -> 2.6922459 | L37: =IF(SUMIFS($K$34:$K$135,$A$34:$A$135,$A37,$B$34:$B$135,$B37,$C$34:$C$135,$C37,$D$34:$D$135,$D37)=0,1/COUNTIFS($A$34:$A$135,$A37,$B$34:$B$135,$B37,$C$34:$C$135,$C37,$D$34:$D$135,$D37),K37/SUMIFS($K$34:$K$135,$A$34:$A$135,$A37,$B$34:$B$135,$B37,$C$34:$C$135,$C37,$D$34:$D$135,$D37)) -> 0.22769067 | M37: =Tabelle1!$I$7 -> 13.775 | N37: HVO lipid-pathway proxy
A38: EU | B38: 2 | C38: HVO | D38: Road-bio | E38: 15 | F38: biocrude (Intermediate Bioenergy carrier) | G38: =IF(ISNUMBER('Availabilities EU Austria'!$AE$15),'Availabilities EU Austria'!$AE$15,IF(ISNUMBER('Availabilities EU Austria'!$AE$10),'Availabilities EU Austria'!$AE$10,1)) -> 0.5 | H38: =IF(ISNUMBER('Availabilities EU Austria'!$N$15),'Availabilities EU Austria'!$N$15,0)*$G38 -> 0.38 | I38: =IF(ISNUMBER('Availabilities EU Austria'!$Q$15),'Availabilities EU Austria'!$Q$15,0)*$G38 -> 0.38 | J38: =IF(ISNUMBER('Availabilities EU Austria'!$X$15),'Availabilities EU Austria'!$X$15,0)*$G38 -> 2.29 | K38: =SUM(H38:J38) -> 3.05 | L38: =IF(SUMIFS($K$34:$K$135,$A$34:$A$135,$A38,$B$34:$B$135,$B38,$C$34:$C$135,$C38,$D$34:$D$135,$D38)=0,1/COUNTIFS($A$34:$A$135,$A38,$B$34:$B$135,$B38,$C$34:$C$135,$C38,$D$34:$D$135,$D38),K38/SUMIFS($K$34:$K$135,$A$34:$A$135,$A38,$B$34:$B$135,$B38,$C$34:$C$135,$C38,$D$34:$D$135,$D38)) -> 0.25794692 | M38: =Tabelle1!$I$7 -> 13.775 | N38: HVO lipid-pathway proxy
A39: EU | B39: 2 | C39: HEFA / SAF | D39: Aviation-bio | E39: 21 | F39: Oil crops abandoned, degraded, intercropping | G39: =IF(ISNUMBER('Availabilities EU Austria'!$AE$21),'Availabilities EU Austria'!$AE$21,IF(ISNUMBER('Availabilities EU Austria'!$AE$16),'Availabilities EU Austria'!$AE$16,1)) -> 1 | H39: =IF(ISNUMBER('Availabilities EU Austria'!$N$21),'Availabilities EU Austria'!$N$21,0)*$G39 -> 0.49572711 | I39: =IF(ISNUMBER('Availabilities EU Austria'!$Q$21),'Availabilities EU Austria'!$Q$21,0)*$G39 -> 1.1703177 | J39: =IF(ISNUMBER('Availabilities EU Austria'!$X$21),'Availabilities EU Austria'!$X$21,0)*$G39 -> 4.0986605 | K39: =SUM(H39:J39) -> 5.7647054 | L39: =IF(SUMIFS($K$34:$K$135,$A$34:$A$135,$A39,$B$34:$B$135,$B39,$C$34:$C$135,$C39,$D$34:$D$135,$D39)=0,1/COUNTIFS($A$34:$A$135,$A39,$B$34:$B$135,$B39,$C$34:$C$135,$C39,$D$34:$D$135,$D39),K39/SUMIFS($K$34:$K$135,$A$34:$A$135,$A39,$B$34:$B$135,$B39,$C$34:$C$135,$C39,$D$34:$D$135,$D39)) -> 0.32774784 | M39: =Tabelle1!$I$34 -> 26.05 | N39: Oil-crop hydrotreatment proxy
A40: EU | B40: 2 | C40: HEFA / SAF | D40: Aviation-bio | E40: 22 | F40: UCO, brown grease, animal fat | G40: =IF(ISNUMBER('Availabilities EU Austria'!$AE$22),'Availabilities EU Austria'!$AE$22,IF(ISNUMBER('Availabilities EU Austria'!$AE$16),'Availabilities EU Austria'!$AE$16,1)) -> 0.25 | H40: =IF(ISNUMBER('Availabilities EU Austria'!$N$22),'Availabilities EU Austria'!$N$22,0)*$G40 -> 0.87091801 | I40: =IF(ISNUMBER('Availabilities EU Austria'!$Q$22),'Availabilities EU Austria'!$Q$22,0)*$G40 -> 1.5106309 | J40: =IF(ISNUMBER('Availabilities EU Austria'!$X$22),'Availabilities EU Austria'!$X$22,0)*$G40 -> 2.4003433 | K40: =SUM(H40:J40) -> 4.7818922 | L40: =IF(SUMIFS($K$34:$K$135,$A$34:$A$135,$A40,$B$34:$B$135,$B40,$C$34:$C$135,$C40,$D$34:$D$135,$D40)=0,1/COUNTIFS($A$34:$A$135,$A40,$B$34:$B$135,$B40,$C$34:$C$135,$C40,$D$34:$D$135,$D40),K40/SUMIFS($K$34:$K$135,$A$34:$A$135,$A40,$B$34:$B$135,$B40,$C$34:$C$135,$C40,$D$34:$D$135,$D40)) -> 0.27187076 | M40: =Tabelle1!$I$9 -> 21.4 | N40: HEFA UCO/animal-fat benchmark
A41: EU | B41: 2 | C41: HEFA / SAF | D41: Aviation-bio | E41: 23 | F41: Tall oil | G41: =IF(ISNUMBER('Availabilities EU Austria'!$AE$23),'Availabilities EU Austria'!$AE$23,IF(ISNUMBER('Availabilities EU Austria'!$AE$16),'Availabilities EU Austria'!$AE$16,1)) -> 0.5 | H41: =IF(ISNUMBER('Availabilities EU Austria'!$N$23),'Availabilities EU Austria'!$N$23,0)*$G41 -> 0.2 | I41: =IF(ISNUMBER('Availabilities EU Austria'!$Q$23),'Availabilities EU Austria'!$Q$23,0)*$G41 -> 0.4 | J41: =IF(ISNUMBER('Availabilities EU Austria'!$X$23),'Availabilities EU Austria'!$X$23,0)*$G41 -> 0.7 | K41: =SUM(H41:J41) -> 1.3 | L41: =IF(SUMIFS($K$34:$K$135,$A$34:$A$135,$A41,$B$34:$B$135,$B41,$C$34:$C$135,$C41,$D$34:$D$135,$D41)=0,1/COUNTIFS($A$34:$A$135,$A41,$B$34:$B$135,$B41,$C$34:$C$135,$C41,$D$34:$D$135,$D41),K41/SUMIFS($K$34:$K$135,$A$34:$A$135,$A41,$B$34:$B$135,$B41,$C$34:$C$135,$C41,$D$34:$D$135,$D41)) -> 0.073910488 | M41: =Tabelle1!$I$10 -> 17.5 | N41: HEFA POME benchmark
A42: EU | B42: 2 | C42: HEFA / SAF | D42: Aviation-bio | E42: 24 | F42: FPBO (Intermediate bioenergy carrier) | G42: =IF(ISNUMBER('Availabilities EU Austria'!$AE$24),'Availabilities EU Austria'!$AE$24,IF(ISNUMBER('Availabilities EU Austria'!$AE$16),'Availabilities EU Austria'!$AE$16,1)) -> 0.125 | H42: =IF(ISNUMBER('Availabilities EU Austria'!$N$24),'Availabilities EU Austria'!$N$24,0)*$G42 -> 0.64850536 | I42: =IF(ISNUMBER('Availabilities EU Austria'!$Q$24),'Availabilities EU Austria'!$Q$24,0)*$G42 -> 0.92608658 | J42: =IF(ISNUMBER('Availabilities EU Austria'!$X$24),'Availabilities EU Austria'!$X$24,0)*$G42 -> 1.117654 | K42: =SUM(H42:J42) -> 2.6922459 | L42: =IF(SUMIFS($K$34:$K$135,$A$34:$A$135,$A42,$B$34:$B$135,$B42,$C$34:$C$135,$C42,$D$34:$D$135,$D42)=0,1/COUNTIFS($A$34:$A$135,$A42,$B$34:$B$135,$B42,$C$34:$C$135,$C42,$D$34:$D$135,$D42),K42/SUMIFS($K$34:$K$135,$A$34:$A$135,$A42,$B$34:$B$135,$B42,$C$34:$C$135,$C42,$D$34:$D$135,$D42)) -> 0.15306555 | M42: =Tabelle1!$I$9 -> 21.4 | N42: HEFA lipid-pathway proxy
A43: EU | B43: 2 | C43: HEFA / SAF | D43: Aviation-bio | E43: 25 | F43: Biocrude (Intermediate Bioenergy carrier) | G43: =IF(ISNUMBER('Availabilities EU Austria'!$AE$25),'Availabilities EU Austria'!$AE$25,IF(ISNUMBER('Availabilities EU Austria'!$AE$16),'Availabilities EU Austria'!$AE$16,1)) -> 0.5 | H43: =IF(ISNUMBER('Availabilities EU Austria'!$N$25),'Availabilities EU Austria'!$N$25,0)*$G43 -> 0.38 | I43: =IF(ISNUMBER('Availabilities EU Austria'!$Q$25),'Availabilities EU Austria'!$Q$25,0)*$G43 -> 0.38 | J43: =IF(ISNUMBER('Availabilities EU Austria'!$X$25),'Availabilities EU Austria'!$X$25,0)*$G43 -> 2.29 | K43: =SUM(H43:J43) -> 3.05 | L43: =IF(SUMIFS($K$34:$K$135,$A$34:$A$135,$A43,$B$34:$B$135,$B43,$C$34:$C$135,$C43,$D$34:$D$135,$D43)=0,1/COUNTIFS($A$34:$A$135,$A43,$B$34:$B$135,$B43,$C$34:$C$135,$C43,$D$34:$D$135,$D43),K43/SUMIFS($K$34:$K$135,$A$34:$A$135,$A43,$B$34:$B$135,$B43,$C$34:$C$135,$C43,$D$34:$D$135,$D43)) -> 0.17340537 | M43: =Tabelle1!$I$9 -> 21.4 | N43: HEFA lipid-pathway proxy
A44: EU | B44: 3 | C44: Renewable diesel | D44: Road-bio | E44: 17 | F44: Intermediate Bioenergy carriers (biocrude, FPBO) | G44: =IF(ISNUMBER('Availabilities EU Austria'!$AE$17),'Availabilities EU Austria'!$AE$17,IF(ISNUMBER('Availabilities EU Austria'!$AE$17),'Availabilities EU Austria'!$AE$17,1)) -> 1 | H44: =IF(ISNUMBER('Availabilities EU Austria'!$N$17),'Availabilities EU Austria'!$N$17,0)*$G44 -> 4.4540042 | I44: =IF(ISNUMBER('Availabilities EU Austria'!$Q$17),'Availabilities EU Austria'!$Q$17,0)*$G44 -> 0 | J44: =IF(ISNUMBER('Availabilities EU Austria'!$X$17),'Availabilities EU Austria'!$X$17,0)*$G44 -> 10.5 | K44: =SUM(H44:J44) -> 14.954004 | L44: =IF(SUMIFS($K$34:$K$135,$A$34:$A$135,$A44,$B$34:$B$135,$B44,$C$34:$C$135,$C44,$D$34:$D$135,$D44)=0,1/COUNTIFS($A$34:$A$135,$A44,$B$34:$B$135,$B44,$C$34:$C$135,$C44,$D$34:$D$135,$D44),K44/SUMIFS($K$34:$K$135,$A$34:$A$135,$A44,$B$34:$B$135,$B44,$C$34:$C$135,$C44,$D$34:$D$135,$D44)) -> 1 | M44: =Tabelle1!$I$26 -> 55.5 | N44: Closest co-processing benchmark (IVC 13a)
A45: EU | B45: 5 | C45: Advanced ethanol | D45: Road-bio | E45: 27 | F45: Straw | G45: =IF(ISNUMBER('Availabilities EU Austria'!$AE$27),'Availabilities EU Austria'!$AE$27,IF(ISNUMBER('Availabilities EU Austria'!$AE$26),'Availabilities EU Austria'!$AE$26,1)) -> 0.14285714 | H45: =IF(ISNUMBER('Availabilities EU Austria'!$N$27),'Availabilities EU Austria'!$N$27,0)*$G45 -> 18.698948 | I45: =IF(ISNUMBER('Availabilities EU Austria'!$Q$27),'Availabilities EU Austria'!$Q$27,0)*$G45 -> 29.62992 | J45: =IF(ISNUMBER('Availabilities EU Austria'!$X$27),'Availabilities EU Austria'!$X$27,0)*$G45 -> 29.62992 | K45: =SUM(H45:J45) -> 77.958788 | L45: =IF(SUMIFS($K$34:$K$135,$A$34:$A$135,$A45,$B$34:$B$135,$B45,$C$34:$C$135,$C45,$D$34:$D$135,$D45)=0,1/COUNTIFS($A$34:$A$135,$A45,$B$34:$B$135,$B45,$C$34:$C$135,$C45,$D$34:$D$135,$D45),K45/SUMIFS($K$34:$K$135,$A$34:$A$135,$A45,$B$34:$B$135,$B45,$C$34:$C$135,$C45,$D$34:$D$135,$D45)) -> 0.65591007 | M45: =Tabelle1!$I$11 -> 24.4 | N45: Direct lignocellulosic benchmark
A46: EU | B46: 5 | C46: Advanced ethanol | D46: Road-bio | E46: 28 | F46: Lignocrops abandoned degraded | G46: =IF(ISNUMBER('Availabilities EU Austria'!$AE$28),'Availabilities EU Austria'!$AE$28,IF(ISNUMBER('Availabilities EU Austria'!$AE$26),'Availabilities EU Austria'!$AE$26,1)) -> 0.14285714 | H46: =IF(ISNUMBER('Availabilities EU Austria'!$N$28),'Availabilities EU Austria'!$N$28,0)*$G46 -> 0.7318695 | I46: =IF(ISNUMBER('Availabilities EU Austria'!$Q$28),'Availabilities EU Austria'!$Q$28,0)*$G46 -> 1.2483094 | J46: =IF(ISNUMBER('Availabilities EU Austria'!$X$28),'Availabilities EU Austria'!$X$28,0)*$G46 -> 10.204344 | K46: =SUM(H46:J46) -> 12.184523 | L46: =IF(SUMIFS($K$34:$K$135,$A$34:$A$135,$A46,$B$34:$B$135,$B46,$C$34:$C$135,$C46,$D$34:$D$135,$D46)=0,1/COUNTIFS($A$34:$A$135,$A46,$B$34:$B$135,$B46,$C$34:$C$135,$C46,$D$34:$D$135,$D46),K46/SUMIFS($K$34:$K$135,$A$34:$A$135,$A46,$B$34:$B$135,$B46,$C$34:$C$135,$C46,$D$34:$D$135,$D46)) -> 0.10251508 | M46: =Tabelle1!$I$11 -> 24.4 | N46: Direct lignocellulosic benchmark
A47: EU | B47: 5 | C47: Advanced ethanol | D47: Road-bio | E47: 29 | F47: Lignocrops inter & cover cropping | G47: =IF(ISNUMBER('Availabilities EU Austria'!$AE$29),'Availabilities EU Austria'!$AE$29,IF(ISNUMBER('Availabilities EU Austria'!$AE$26),'Availabilities EU Austria'!$AE$26,1)) -> 0.14285714 | H47: =IF(ISNUMBER('Availabilities EU Austria'!$N$29),'Availabilities EU Austria'!$N$29,0)*$G47 -> 0.33319692 | I47: =IF(ISNUMBER('Availabilities EU Austria'!$Q$29),'Availabilities EU Austria'!$Q$29,0)*$G47 -> 0.87705688 | J47: =IF(ISNUMBER('Availabilities EU Austria'!$X$29),'Availabilities EU Austria'!$X$29,0)*$G47 -> 2.0142017 | K47: =SUM(H47:J47) -> 3.2244555 | L47: =IF(SUMIFS($K$34:$K$135,$A$34:$A$135,$A47,$B$34:$B$135,$B47,$C$34:$C$135,$C47,$D$34:$D$135,$D47)=0,1/COUNTIFS($A$34:$A$135,$A47,$B$34:$B$135,$B47,$C$34:$C$135,$C47,$D$34:$D$135,$D47),K47/SUMIFS($K$34:$K$135,$A$34:$A$135,$A47,$B$34:$B$135,$B47,$C$34:$C$135,$C47,$D$34:$D$135,$D47)) -> 0.027129114 | M47: =Tabelle1!$I$11 -> 24.4 | N47: Direct lignocellulosic benchmark
A48: EU | B48: 5 | C48: Advanced ethanol | D48: Road-bio | E48: 30 | F48: Secondary forest residues | G48: =IF(ISNUMBER('Availabilities EU Austria'!$AE$30),'Availabilities EU Austria'!$AE$30,IF(ISNUMBER('Availabilities EU Austria'!$AE$26),'Availabilities EU Austria'!$AE$26,1)) -> 0.16666667 | H48: =IF(ISNUMBER('Availabilities EU Austria'!$N$30),'Availabilities EU Austria'!$N$30,0)*$G48 -> 6.5469705 | I48: =IF(ISNUMBER('Availabilities EU Austria'!$Q$30),'Availabilities EU Austria'!$Q$30,0)*$G48 -> 9.1728821 | J48: =IF(ISNUMBER('Availabilities EU Austria'!$X$30),'Availabilities EU Austria'!$X$30,0)*$G48 -> 9.7682905 | K48: =SUM(H48:J48) -> 25.488143 | L48: =IF(SUMIFS($K$34:$K$135,$A$34:$A$135,$A48,$B$34:$B$135,$B48,$C$34:$C$135,$C48,$D$34:$D$135,$D48)=0,1/COUNTIFS($A$34:$A$135,$A48,$B$34:$B$135,$B48,$C$34:$C$135,$C48,$D$34:$D$135,$D48),K48/SUMIFS($K$34:$K$135,$A$34:$A$135,$A48,$B$34:$B$135,$B48,$C$34:$C$135,$C48,$D$34:$D$135,$D48)) -> 0.21444574 | M48: =Tabelle1!$I$11 -> 24.4 | N48: Direct lignocellulosic benchmark
A49: EU | B49: 5 | C49: ATJ-SPK | D49: Aviation-bio 2040/2050 | E49: 32 | F49: Straw | G49: =IF(ISNUMBER('Availabilities EU Austria'!$AE$32),'Availabilities EU Austria'!$AE$32,IF(ISNUMBER('Availabilities EU Austria'!$AE$31),'Availabilities EU Austria'!$AE$31,1)) -> 0.071428571 | H49: =IF(ISNUMBER('Availabilities EU Austria'!$N$32),'Availabilities EU Austria'!$N$32,0)*$G49 -> 9.349474 | I49: =IF(ISNUMBER('Availabilities EU Austria'!$Q$32),'Availabilities EU Austria'!$Q$32,0)*$G49 -> 14.81496 | J49: =IF(ISNUMBER('Availabilities EU Austria'!$X$32),'Availabilities EU Austria'!$X$32,0)*$G49 -> 14.81496 | K49: =SUM(H49:J49) -> 38.979394 | L49: =IF(SUMIFS($K$34:$K$135,$A$34:$A$135,$A49,$B$34:$B$135,$B49,$C$34:$C$135,$C49,$D$34:$D$135,$D49)=0,1/COUNTIFS($A$34:$A$135,$A49,$B$34:$B$135,$B49,$C$34:$C$135,$C49,$D$34:$D$135,$D49),K49/SUMIFS($K$34:$K$135,$A$34:$A$135,$A49,$B$34:$B$135,$B49,$C$34:$C$135,$C49,$D$34:$D$135,$D49)) -> 0.65591007 | M49: =Tabelle1!$I$11 -> 24.4 | N49: Direct lignocellulosic benchmark
A50: EU | B50: 5 | C50: ATJ-SPK | D50: Aviation-bio 2040/2050 | E50: 33 | F50: Lignocrops abandoned degraded | G50: =IF(ISNUMBER('Availabilities EU Austria'!$AE$33),'Availabilities EU Austria'!$AE$33,IF(ISNUMBER('Availabilities EU Austria'!$AE$31),'Availabilities EU Austria'!$AE$31,1)) -> 0.071428571 | H50: =IF(ISNUMBER('Availabilities EU Austria'!$N$33),'Availabilities EU Austria'!$N$33,0)*$G50 -> 0.36593475 | I50: =IF(ISNUMBER('Availabilities EU Austria'!$Q$33),'Availabilities EU Austria'!$Q$33,0)*$G50 -> 0.6241547 | J50: =IF(ISNUMBER('Availabilities EU Austria'!$X$33),'Availabilities EU Austria'!$X$33,0)*$G50 -> 5.102172 | K50: =SUM(H50:J50) -> 6.0922615 | L50: =IF(SUMIFS($K$34:$K$135,$A$34:$A$135,$A50,$B$34:$B$135,$B50,$C$34:$C$135,$C50,$D$34:$D$135,$D50)=0,1/COUNTIFS($A$34:$A$135,$A50,$B$34:$B$135,$B50,$C$34:$C$135,$C50,$D$34:$D$135,$D50),K50/SUMIFS($K$34:$K$135,$A$34:$A$135,$A50,$B$34:$B$135,$B50,$C$34:$C$135,$C50,$D$34:$D$135,$D50)) -> 0.10251508 | M50: =Tabelle1!$I$11 -> 24.4 | N50: Direct lignocellulosic benchmark
A51: EU | B51: 5 | C51: ATJ-SPK | D51: Aviation-bio 2040/2050 | E51: 34 | F51: Lignocrops inter & cover cropping | G51: =IF(ISNUMBER('Availabilities EU Austria'!$AE$34),'Availabilities EU Austria'!$AE$34,IF(ISNUMBER('Availabilities EU Austria'!$AE$31),'Availabilities EU Austria'!$AE$31,1)) -> 0.071428571 | H51: =IF(ISNUMBER('Availabilities EU Austria'!$N$34),'Availabilities EU Austria'!$N$34,0)*$G51 -> 0.16659846 | I51: =IF(ISNUMBER('Availabilities EU Austria'!$Q$34),'Availabilities EU Austria'!$Q$34,0)*$G51 -> 0.43852844 | J51: =IF(ISNUMBER('Availabilities EU Austria'!$X$34),'Availabilities EU Austria'!$X$34,0)*$G51 -> 1.0071008 | K51: =SUM(H51:J51) -> 1.6122277 | L51: =IF(SUMIFS($K$34:$K$135,$A$34:$A$135,$A51,$B$34:$B$135,$B51,$C$34:$C$135,$C51,$D$34:$D$135,$D51)=0,1/COUNTIFS($A$34:$A$135,$A51,$B$34:$B$135,$B51,$C$34:$C$135,$C51,$D$34:$D$135,$D51),K51/SUMIFS($K$34:$K$135,$A$34:$A$135,$A51,$B$34:$B$135,$B51,$C$34:$C$135,$C51,$D$34:$D$135,$D51)) -> 0.027129114 | M51: =Tabelle1!$I$11 -> 24.4 | N51: Direct lignocellulosic benchmark
A52: EU | B52: 5 | C52: ATJ-SPK | D52: Aviation-bio 2040/2050 | E52: 35 | F52: Secondary forest residues | G52: =IF(ISNUMBER('Availabilities EU Austria'!$AE$35),'Availabilities EU Austria'!$AE$35,IF(ISNUMBER('Availabilities EU Austria'!$AE$31),'Availabilities EU Austria'!$AE$31,1)) -> 0.083333333 | H52: =IF(ISNUMBER('Availabilities EU Austria'!$N$35),'Availabilities EU Austria'!$N$35,0)*$G52 -> 3.2734853 | I52: =IF(ISNUMBER('Availabilities EU Austria'!$Q$35),'Availabilities EU Austria'!$Q$35,0)*$G52 -> 4.5864411 | J52: =IF(ISNUMBER('Availabilities EU Austria'!$X$35),'Availabilities EU Austria'!$X$35,0)*$G52 -> 4.8841453 | K52: =SUM(H52:J52) -> 12.744072 | L52: =IF(SUMIFS($K$34:$K$135,$A$34:$A$135,$A52,$B$34:$B$135,$B52,$C$34:$C$135,$C52,$D$34:$D$135,$D52)=0,1/COUNTIFS($A$34:$A$135,$A52,$B$34:$B$135,$B52,$C$34:$C$135,$C52,$D$34:$D$135,$D52),K52/SUMIFS($K$34:$K$135,$A$34:$A$135,$A52,$B$34:$B$135,$B52,$C$34:$C$135,$C52,$D$34:$D$135,$D52)) -> 0.21444574 | M52: =Tabelle1!$I$11 -> 24.4 | N52: Direct lignocellulosic benchmark
A53: EU | B53: 6 | C53: ATJ-SPK | D53: Aviation-bio | E53: 37 | F53: Intermediate Bioenergy carrier (ethanol, methanol) | G53: =IF(ISNUMBER('Availabilities EU Austria'!$AE$37),'Availabilities EU Austria'!$AE$37,IF(ISNUMBER('Availabilities EU Austria'!$AE$36),'Availabilities EU Austria'!$AE$36,1)) -> 1 | H53: =IF(ISNUMBER('Availabilities EU Austria'!$N$37),'Availabilities EU Austria'!$N$37,0)*$G53 -> 0 | I53: =IF(ISNUMBER('Availabilities EU Austria'!$Q$37),'Availabilities EU Austria'!$Q$37,0)*$G53 -> 0 | J53: =IF(ISNUMBER('Availabilities EU Austria'!$X$37),'Availabilities EU Austria'!$X$37,0)*$G53 -> 0 | K53: =SUM(H53:J53) -> 0 | L53: =IF(SUMIFS($K$34:$K$135,$A$34:$A$135,$A53,$B$34:$B$135,$B53,$C$34:$C$135,$C53,$D$34:$D$135,$D53)=0,1/COUNTIFS($A$34:$A$135,$A53,$B$34:$B$135,$B53,$C$34:$C$135,$C53,$D$34:$D$135,$D53),K53/SUMIFS($K$34:$K$135,$A$34:$A$135,$A53,$B$34:$B$135,$B53,$C$34:$C$135,$C53,$D$34:$D$135,$D53)) -> 1 | M53: =Tabelle1!$I$12 -> 13.1 | N53: Direct cellulosic ethanol benchmark
A54: EU | B54: 7 | C54: Biomethane | D54: Road-bio 2030 | E54: 41 | F54: Prunings & damaged crops (olive stones excluded) | G54: =IF(ISNUMBER('Availabilities EU Austria'!$AE$41),'Availabilities EU Austria'!$AE$41,IF(ISNUMBER('Availabilities EU Austria'!$AE$40),'Availabilities EU Austria'!$AE$40,1)) -> 0.16666667 | H54: =IF(ISNUMBER('Availabilities EU Austria'!$N$41),'Availabilities EU Austria'!$N$41,0)*$G54 -> 1.4158808 | I54: =IF(ISNUMBER('Availabilities EU Austria'!$Q$41),'Availabilities EU Austria'!$Q$41,0)*$G54 -> 2.0427839 | J54: =IF(ISNUMBER('Availabilities EU Austria'!$X$41),'Availabilities EU Austria'!$X$41,0)*$G54 -> 1.9895847 | K54: =SUM(H54:J54) -> 5.4482494 | L54: =IF(SUMIFS($K$34:$K$135,$A$34:$A$135,$A54,$B$34:$B$135,$B54,$C$34:$C$135,$C54,$D$34:$D$135,$D54)=0,1/COUNTIFS($A$34:$A$135,$A54,$B$34:$B$135,$B54,$C$34:$C$135,$C54,$D$34:$D$135,$D54),K54/SUMIFS($K$34:$K$135,$A$34:$A$135,$A54,$B$34:$B$135,$B54,$C$34:$C$135,$C54,$D$34:$D$135,$D54)) -> 0.0099921889 | M54: =Tabelle1!$I$13 -> 9.5 | N54: Biowaste/residue benchmark
A55: EU | B55: 7 | C55: Biomethane | D55: Road-bio 2030 | E55: 42 | F55: Lignocrops abandoned degraded | G55: =IF(ISNUMBER('Availabilities EU Austria'!$AE$42),'Availabilities EU Austria'!$AE$42,IF(ISNUMBER('Availabilities EU Austria'!$AE$40),'Availabilities EU Austria'!$AE$40,1)) -> 0.14285714 | H55: =IF(ISNUMBER('Availabilities EU Austria'!$N$42),'Availabilities EU Austria'!$N$42,0)*$G55 -> 0.7318695 | I55: =IF(ISNUMBER('Availabilities EU Austria'!$Q$42),'Availabilities EU Austria'!$Q$42,0)*$G55 -> 1.2483094 | J55: =IF(ISNUMBER('Availabilities EU Austria'!$X$42),'Availabilities EU Austria'!$X$42,0)*$G55 -> 10.204344 | K55: =SUM(H55:J55) -> 12.184523 | L55: =IF(SUMIFS($K$34:$K$135,$A$34:$A$135,$A55,$B$34:$B$135,$B55,$C$34:$C$135,$C55,$D$34:$D$135,$D55)=0,1/COUNTIFS($A$34:$A$135,$A55,$B$34:$B$135,$B55,$C$34:$C$135,$C55,$D$34:$D$135,$D55),K55/SUMIFS($K$34:$K$135,$A$34:$A$135,$A55,$B$34:$B$135,$B55,$C$34:$C$135,$C55,$D$34:$D$135,$D55)) -> 0.022346638 | M55: =Tabelle1!$I$13 -> 9.5 | N55: Biowaste/residue benchmark
A56: EU | B56: 7 | C56: Biomethane | D56: Road-bio 2030 | E56: 43 | F56: Lignocrops inter & cover cropping | G56: =IF(ISNUMBER('Availabilities EU Austria'!$AE$43),'Availabilities EU Austria'!$AE$43,IF(ISNUMBER('Availabilities EU Austria'!$AE$40),'Availabilities EU Austria'!$AE$40,1)) -> 0.14285714 | H56: =IF(ISNUMBER('Availabilities EU Austria'!$N$43),'Availabilities EU Austria'!$N$43,0)*$G56 -> 0.33319692 | I56: =IF(ISNUMBER('Availabilities EU Austria'!$Q$43),'Availabilities EU Austria'!$Q$43,0)*$G56 -> 0.87705688 | J56: =IF(ISNUMBER('Availabilities EU Austria'!$X$43),'Availabilities EU Austria'!$X$43,0)*$G56 -> 2.0142017 | K56: =SUM(H56:J56) -> 3.2244555 | L56: =IF(SUMIFS($K$34:$K$135,$A$34:$A$135,$A56,$B$34:$B$135,$B56,$C$34:$C$135,$C56,$D$34:$D$135,$D56)=0,1/COUNTIFS($A$34:$A$135,$A56,$B$34:$B$135,$B56,$C$34:$C$135,$C56,$D$34:$D$135,$D56),K56/SUMIFS($K$34:$K$135,$A$34:$A$135,$A56,$B$34:$B$135,$B56,$C$34:$C$135,$C56,$D$34:$D$135,$D56)) -> 0.0059137102 | M56: =Tabelle1!$I$13 -> 9.5 | N56: Biowaste/residue benchmark
A57: EU | B57: 7 | C57: Biomethane | D57: Road-bio 2030 | E57: 44 | F57: Agroprocessing residues | G57: =IF(ISNUMBER('Availabilities EU Austria'!$AE$44),'Availabilities EU Austria'!$AE$44,IF(ISNUMBER('Availabilities EU Austria'!$AE$40),'Availabilities EU Austria'!$AE$40,1)) -> 1 | H57: =IF(ISNUMBER('Availabilities EU Austria'!$N$44),'Availabilities EU Austria'!$N$44,0)*$G57 -> 6.5447343 | I57: =IF(ISNUMBER('Availabilities EU Austria'!$Q$44),'Availabilities EU Austria'!$Q$44,0)*$G57 -> 9.7773868 | J57: =IF(ISNUMBER('Availabilities EU Austria'!$X$44),'Availabilities EU Austria'!$X$44,0)*$G57 -> 10.743176 | K57: =SUM(H57:J57) -> 27.065297 | L57: =IF(SUMIFS($K$34:$K$135,$A$34:$A$135,$A57,$B$34:$B$135,$B57,$C$34:$C$135,$C57,$D$34:$D$135,$D57)=0,1/COUNTIFS($A$34:$A$135,$A57,$B$34:$B$135,$B57,$C$34:$C$135,$C57,$D$34:$D$135,$D57),K57/SUMIFS($K$34:$K$135,$A$34:$A$135,$A57,$B$34:$B$135,$B57,$C$34:$C$135,$C57,$D$34:$D$135,$D57)) -> 0.049638249 | M57: =Tabelle1!$I$13 -> 9.5 | N57: Biowaste/residue benchmark
A58: EU | B58: 7 | C58: Biomethane | D58: Road-bio 2030 | E58: 45 | F58: Straw | G58: =IF(ISNUMBER('Availabilities EU Austria'!$AE$45),'Availabilities EU Austria'!$AE$45,IF(ISNUMBER('Availabilities EU Austria'!$AE$40),'Availabilities EU Austria'!$AE$40,1)) -> 0.14285714 | H58: =IF(ISNUMBER('Availabilities EU Austria'!$N$45),'Availabilities EU Austria'!$N$45,0)*$G58 -> 18.698948 | I58: =IF(ISNUMBER('Availabilities EU Austria'!$Q$45),'Availabilities EU Austria'!$Q$45,0)*$G58 -> 29.62992 | J58: =IF(ISNUMBER('Availabilities EU Austria'!$X$45),'Availabilities EU Austria'!$X$45,0)*$G58 -> 29.62992 | K58: =SUM(H58:J58) -> 77.958788 | L58: =IF(SUMIFS($K$34:$K$135,$A$34:$A$135,$A58,$B$34:$B$135,$B58,$C$34:$C$135,$C58,$D$34:$D$135,$D58)=0,1/COUNTIFS($A$34:$A$135,$A58,$B$34:$B$135,$B58,$C$34:$C$135,$C58,$D$34:$D$135,$D58),K58/SUMIFS($K$34:$K$135,$A$34:$A$135,$A58,$B$34:$B$135,$B58,$C$34:$C$135,$C58,$D$34:$D$135,$D58)) -> 0.14297784 | M58: =Tabelle1!$I$13 -> 9.5 | N58: Biowaste/residue benchmark
A59: EU | B59: 7 | C59: Biomethane | D59: Road-bio 2030 | E59: 46 | F59: Manure | G59: =IF(ISNUMBER('Availabilities EU Austria'!$AE$46),'Availabilities EU Austria'!$AE$46,IF(ISNUMBER('Availabilities EU Austria'!$AE$40),'Availabilities EU Austria'!$AE$40,1)) -> 1 | H59: =IF(ISNUMBER('Availabilities EU Austria'!$N$46),'Availabilities EU Austria'!$N$46,0)*$G59 -> 96.466868 | I59: =IF(ISNUMBER('Availabilities EU Austria'!$Q$46),'Availabilities EU Austria'!$Q$46,0)*$G59 -> 128.62249 | J59: =IF(ISNUMBER('Availabilities EU Austria'!$X$46),'Availabilities EU Austria'!$X$46,0)*$G59 -> 122.94419 | K59: =SUM(H59:J59) -> 348.03355 | L59: =IF(SUMIFS($K$34:$K$135,$A$34:$A$135,$A59,$B$34:$B$135,$B59,$C$34:$C$135,$C59,$D$34:$D$135,$D59)=0,1/COUNTIFS($A$34:$A$135,$A59,$B$34:$B$135,$B59,$C$34:$C$135,$C59,$D$34:$D$135,$D59),K59/SUMIFS($K$34:$K$135,$A$34:$A$135,$A59,$B$34:$B$135,$B59,$C$34:$C$135,$C59,$D$34:$D$135,$D59)) -> 0.63829988 | M59: =Tabelle1!$I$14 -> -103 | N59: Direct manure benchmark
A60: EU | B60: 7 | C60: Biomethane | D60: Road-bio 2030 | E60: 47 | F60: Sewage sludge | G60: =IF(ISNUMBER('Availabilities EU Austria'!$AE$47),'Availabilities EU Austria'!$AE$47,IF(ISNUMBER('Availabilities EU Austria'!$AE$40),'Availabilities EU Austria'!$AE$40,1)) -> 0.25 | H60: =IF(ISNUMBER('Availabilities EU Austria'!$N$47),'Availabilities EU Austria'!$N$47,0)*$G60 -> 2.2042904 | I60: =IF(ISNUMBER('Availabilities EU Austria'!$Q$47),'Availabilities EU Austria'!$Q$47,0)*$G60 -> 2.4636187 | J60: =IF(ISNUMBER('Availabilities EU Austria'!$X$47),'Availabilities EU Austria'!$X$47,0)*$G60 -> 2.2901826 | K60: =SUM(H60:J60) -> 6.9580917 | L60: =IF(SUMIFS($K$34:$K$135,$A$34:$A$135,$A60,$B$34:$B$135,$B60,$C$34:$C$135,$C60,$D$34:$D$135,$D60)=0,1/COUNTIFS($A$34:$A$135,$A60,$B$34:$B$135,$B60,$C$34:$C$135,$C60,$D$34:$D$135,$D60),K60/SUMIFS($K$34:$K$135,$A$34:$A$135,$A60,$B$34:$B$135,$B60,$C$34:$C$135,$C60,$D$34:$D$135,$D60)) -> 0.012761267 | M60: =Tabelle1!$I$13 -> 9.5 | N60: Biowaste/residue benchmark
A61: EU | B61: 7 | C61: Biomethane | D61: Road-bio 2030 | E61: 48 | F61: Biowastes (post consumer woods excluded) | G61: =IF(ISNUMBER('Availabilities EU Austria'!$AE$48),'Availabilities EU Austria'!$AE$48,IF(ISNUMBER('Availabilities EU Austria'!$AE$40),'Availabilities EU Austria'!$AE$40,1)) -> 1 | H61: =IF(ISNUMBER('Availabilities EU Austria'!$N$48),'Availabilities EU Austria'!$N$48,0)*$G61 -> 18.294938 | I61: =IF(ISNUMBER('Availabilities EU Austria'!$Q$48),'Availabilities EU Austria'!$Q$48,0)*$G61 -> 23.691277 | J61: =IF(ISNUMBER('Availabilities EU Austria'!$X$48),'Availabilities EU Austria'!$X$48,0)*$G61 -> 20.468674 | K61: =SUM(H61:J61) -> 62.454889 | L61: =IF(SUMIFS($K$34:$K$135,$A$34:$A$135,$A61,$B$34:$B$135,$B61,$C$34:$C$135,$C61,$D$34:$D$135,$D61)=0,1/COUNTIFS($A$34:$A$135,$A61,$B$34:$B$135,$B61,$C$34:$C$135,$C61,$D$34:$D$135,$D61),K61/SUMIFS($K$34:$K$135,$A$34:$A$135,$A61,$B$34:$B$135,$B61,$C$34:$C$135,$C61,$D$34:$D$135,$D61)) -> 0.11454341 | M61: =Tabelle1!$I$13 -> 9.5 | N61: Biowaste/residue benchmark
A62: EU | B62: 7 | C62: Biomethane | D62: Road-bio 2030 | E62: 49 | F62: Intermediate Bioenergy carrier (crude glycerine) | G62: =IF(ISNUMBER('Availabilities EU Austria'!$AE$49),'Availabilities EU Austria'!$AE$49,IF(ISNUMBER('Availabilities EU Austria'!$AE$40),'Availabilities EU Austria'!$AE$40,1)) -> 1 | H62: =IF(ISNUMBER('Availabilities EU Austria'!$N$49),'Availabilities EU Austria'!$N$49,0)*$G62 -> 0.641 | I62: =IF(ISNUMBER('Availabilities EU Austria'!$Q$49),'Availabilities EU Austria'!$Q$49,0)*$G62 -> 0.641 | J62: =IF(ISNUMBER('Availabilities EU Austria'!$X$49),'Availabilities EU Austria'!$X$49,0)*$G62 -> 0.641 | K62: =SUM(H62:J62) -> 1.923 | L62: =IF(SUMIFS($K$34:$K$135,$A$34:$A$135,$A62,$B$34:$B$135,$B62,$C$34:$C$135,$C62,$D$34:$D$135,$D62)=0,1/COUNTIFS($A$34:$A$135,$A62,$B$34:$B$135,$B62,$C$34:$C$135,$C62,$D$34:$D$135,$D62),K62/SUMIFS($K$34:$K$135,$A$34:$A$135,$A62,$B$34:$B$135,$B62,$C$34:$C$135,$C62,$D$34:$D$135,$D62)) -> 0.0035268171 | M62: =Tabelle1!$I$13 -> 9.5 | N62: Biowaste/residue benchmark
A63: EU | B63: 8a | C63: Methanol | D63: Maritime-bio | E63: 51 | F63: Straw | G63: =IF(ISNUMBER('Availabilities EU Austria'!$AE$51),'Availabilities EU Austria'!$AE$51,IF(ISNUMBER('Availabilities EU Austria'!$AE$50),'Availabilities EU Austria'!$AE$50,1)) -> 0.14285714 | H63: =IF(ISNUMBER('Availabilities EU Austria'!$N$51),'Availabilities EU Austria'!$N$51,0)*$G63 -> 18.698948 | I63: =IF(ISNUMBER('Availabilities EU Austria'!$Q$51),'Availabilities EU Austria'!$Q$51,0)*$G63 -> 29.62992 | J63: =IF(ISNUMBER('Availabilities EU Austria'!$X$51),'Availabilities EU Austria'!$X$51,0)*$G63 -> 29.62992 | K63: =SUM(H63:J63) -> 77.958788 | L63: =IF(SUMIFS($K$34:$K$135,$A$34:$A$135,$A63,$B$34:$B$135,$B63,$C$34:$C$135,$C63,$D$34:$D$135,$D63)=0,1/COUNTIFS($A$34:$A$135,$A63,$B$34:$B$135,$B63,$C$34:$C$135,$C63,$D$34:$D$135,$D63),K63/SUMIFS($K$34:$K$135,$A$34:$A$135,$A63,$B$34:$B$135,$B63,$C$34:$C$135,$C63,$D$34:$D$135,$D63)) -> 0.45548964 | M63: =Tabelle1!$I$15 -> 12.5 | N63: Direct wood/black-liquor benchmark
A64: EU | B64: 8a | C64: Methanol | D64: Maritime-bio | E64: 52 | F64: Prunings & damaged crops | G64: =IF(ISNUMBER('Availabilities EU Austria'!$AE$52),'Availabilities EU Austria'!$AE$52,IF(ISNUMBER('Availabilities EU Austria'!$AE$50),'Availabilities EU Austria'!$AE$50,1)) -> 0.16666667 | H64: =IF(ISNUMBER('Availabilities EU Austria'!$N$52),'Availabilities EU Austria'!$N$52,0)*$G64 -> 1.4158808 | I64: =IF(ISNUMBER('Availabilities EU Austria'!$Q$52),'Availabilities EU Austria'!$Q$52,0)*$G64 -> 2.0429542 | J64: =IF(ISNUMBER('Availabilities EU Austria'!$X$52),'Availabilities EU Austria'!$X$52,0)*$G64 -> 1.9897732 | K64: =SUM(H64:J64) -> 5.4486082 | L64: =IF(SUMIFS($K$34:$K$135,$A$34:$A$135,$A64,$B$34:$B$135,$B64,$C$34:$C$135,$C64,$D$34:$D$135,$D64)=0,1/COUNTIFS($A$34:$A$135,$A64,$B$34:$B$135,$B64,$C$34:$C$135,$C64,$D$34:$D$135,$D64),K64/SUMIFS($K$34:$K$135,$A$34:$A$135,$A64,$B$34:$B$135,$B64,$C$34:$C$135,$C64,$D$34:$D$135,$D64)) -> 0.031834571 | M64: =Tabelle1!$I$15 -> 12.5 | N64: Direct wood/black-liquor benchmark
A65: EU | B65: 8a | C65: Methanol | D65: Maritime-bio | E65: 53 | F65: Sewage sludge | G65: =IF(ISNUMBER('Availabilities EU Austria'!$AE$53),'Availabilities EU Austria'!$AE$53,IF(ISNUMBER('Availabilities EU Austria'!$AE$50),'Availabilities EU Austria'!$AE$50,1)) -> 0.25 | H65: =IF(ISNUMBER('Availabilities EU Austria'!$N$53),'Availabilities EU Austria'!$N$53,0)*$G65 -> 2.2042904 | I65: =IF(ISNUMBER('Availabilities EU Austria'!$Q$53),'Availabilities EU Austria'!$Q$53,0)*$G65 -> 2.4636187 | J65: =IF(ISNUMBER('Availabilities EU Austria'!$X$53),'Availabilities EU Austria'!$X$53,0)*$G65 -> 2.2901826 | K65: =SUM(H65:J65) -> 6.9580917 | L65: =IF(SUMIFS($K$34:$K$135,$A$34:$A$135,$A65,$B$34:$B$135,$B65,$C$34:$C$135,$C65,$D$34:$D$135,$D65)=0,1/COUNTIFS($A$34:$A$135,$A65,$B$34:$B$135,$B65,$C$34:$C$135,$C65,$D$34:$D$135,$D65),K65/SUMIFS($K$34:$K$135,$A$34:$A$135,$A65,$B$34:$B$135,$B65,$C$34:$C$135,$C65,$D$34:$D$135,$D65)) -> 0.040654027 | M65: =Tabelle1!$I$15 -> 12.5 | N65: Direct wood/black-liquor benchmark
A66: EU | B66: 8a | C66: Methanol | D66: Maritime-bio | E66: 54 | F66: Agroprocessing residues - maize cobs | G66: =IF(ISNUMBER('Availabilities EU Austria'!$AE$54),'Availabilities EU Austria'!$AE$54,IF(ISNUMBER('Availabilities EU Austria'!$AE$50),'Availabilities EU Austria'!$AE$50,1)) -> 0.2 | H66: =IF(ISNUMBER('Availabilities EU Austria'!$N$54),'Availabilities EU Austria'!$N$54,0)*$G66 -> 0.69070778 | I66: =IF(ISNUMBER('Availabilities EU Austria'!$Q$54),'Availabilities EU Austria'!$Q$54,0)*$G66 -> 1.0360617 | J66: =IF(ISNUMBER('Availabilities EU Austria'!$X$54),'Availabilities EU Austria'!$X$54,0)*$G66 -> 0.88961113 | K66: =SUM(H66:J66) -> 2.6163806 | L66: =IF(SUMIFS($K$34:$K$135,$A$34:$A$135,$A66,$B$34:$B$135,$B66,$C$34:$C$135,$C66,$D$34:$D$135,$D66)=0,1/COUNTIFS($A$34:$A$135,$A66,$B$34:$B$135,$B66,$C$34:$C$135,$C66,$D$34:$D$135,$D66),K66/SUMIFS($K$34:$K$135,$A$34:$A$135,$A66,$B$34:$B$135,$B66,$C$34:$C$135,$C66,$D$34:$D$135,$D66)) -> 0.015286721 | M66: =Tabelle1!$I$15 -> 12.5 | N66: Direct wood/black-liquor benchmark
A67: EU | B67: 8a | C67: Methanol | D67: Maritime-bio | E67: 55 | F67: Lignocrops abandoned degraded | G67: =IF(ISNUMBER('Availabilities EU Austria'!$AE$55),'Availabilities EU Austria'!$AE$55,IF(ISNUMBER('Availabilities EU Austria'!$AE$50),'Availabilities EU Austria'!$AE$50,1)) -> 0.14285714 | H67: =IF(ISNUMBER('Availabilities EU Austria'!$N$55),'Availabilities EU Austria'!$N$55,0)*$G67 -> 0.7318695 | I67: =IF(ISNUMBER('Availabilities EU Austria'!$Q$55),'Availabilities EU Austria'!$Q$55,0)*$G67 -> 1.2483094 | J67: =IF(ISNUMBER('Availabilities EU Austria'!$X$55),'Availabilities EU Austria'!$X$55,0)*$G67 -> 10.204344 | K67: =SUM(H67:J67) -> 12.184523 | L67: =IF(SUMIFS($K$34:$K$135,$A$34:$A$135,$A67,$B$34:$B$135,$B67,$C$34:$C$135,$C67,$D$34:$D$135,$D67)=0,1/COUNTIFS($A$34:$A$135,$A67,$B$34:$B$135,$B67,$C$34:$C$135,$C67,$D$34:$D$135,$D67),K67/SUMIFS($K$34:$K$135,$A$34:$A$135,$A67,$B$34:$B$135,$B67,$C$34:$C$135,$C67,$D$34:$D$135,$D67)) -> 0.071190486 | M67: =Tabelle1!$I$15 -> 12.5 | N67: Direct wood/black-liquor benchmark
A68: EU | B68: 8a | C68: Methanol | D68: Maritime-bio | E68: 56 | F68: Lignocrops inter & cover cropping | G68: =IF(ISNUMBER('Availabilities EU Austria'!$AE$56),'Availabilities EU Austria'!$AE$56,IF(ISNUMBER('Availabilities EU Austria'!$AE$50),'Availabilities EU Austria'!$AE$50,1)) -> 0.14285714 | H68: =IF(ISNUMBER('Availabilities EU Austria'!$N$56),'Availabilities EU Austria'!$N$56,0)*$G68 -> 0.33319692 | I68: =IF(ISNUMBER('Availabilities EU Austria'!$Q$56),'Availabilities EU Austria'!$Q$56,0)*$G68 -> 0.87705688 | J68: =IF(ISNUMBER('Availabilities EU Austria'!$X$56),'Availabilities EU Austria'!$X$56,0)*$G68 -> 2.0142017 | K68: =SUM(H68:J68) -> 3.2244555 | L68: =IF(SUMIFS($K$34:$K$135,$A$34:$A$135,$A68,$B$34:$B$135,$B68,$C$34:$C$135,$C68,$D$34:$D$135,$D68)=0,1/COUNTIFS($A$34:$A$135,$A68,$B$34:$B$135,$B68,$C$34:$C$135,$C68,$D$34:$D$135,$D68),K68/SUMIFS($K$34:$K$135,$A$34:$A$135,$A68,$B$34:$B$135,$B68,$C$34:$C$135,$C68,$D$34:$D$135,$D68)) -> 0.018839519 | M68: =Tabelle1!$I$15 -> 12.5 | N68: Direct wood/black-liquor benchmark
A69: EU | B69: 8a | C69: Methanol | D69: Maritime-bio | E69: 57 | F69: Primary forestry residues | G69: =IF(ISNUMBER('Availabilities EU Austria'!$AE$57),'Availabilities EU Austria'!$AE$57,IF(ISNUMBER('Availabilities EU Austria'!$AE$50),'Availabilities EU Austria'!$AE$50,1)) -> 0.2 | H69: =IF(ISNUMBER('Availabilities EU Austria'!$N$57),'Availabilities EU Austria'!$N$57,0)*$G69 -> 7.4833399 | I69: =IF(ISNUMBER('Availabilities EU Austria'!$Q$57),'Availabilities EU Austria'!$Q$57,0)*$G69 -> 7.4833399 | J69: =IF(ISNUMBER('Availabilities EU Austria'!$X$57),'Availabilities EU Austria'!$X$57,0)*$G69 -> 7.6263562 | K69: =SUM(H69:J69) -> 22.593036 | L69: =IF(SUMIFS($K$34:$K$135,$A$34:$A$135,$A69,$B$34:$B$135,$B69,$C$34:$C$135,$C69,$D$34:$D$135,$D69)=0,1/COUNTIFS($A$34:$A$135,$A69,$B$34:$B$135,$B69,$C$34:$C$135,$C69,$D$34:$D$135,$D69),K69/SUMIFS($K$34:$K$135,$A$34:$A$135,$A69,$B$34:$B$135,$B69,$C$34:$C$135,$C69,$D$34:$D$135,$D69)) -> 0.13200428 | M69: =Tabelle1!$I$15 -> 12.5 | N69: Direct wood/black-liquor benchmark
A70: EU | B70: 8a | C70: Methanol | D70: Maritime-bio | E70: 58 | F70: Secondary forest residues | G70: =IF(ISNUMBER('Availabilities EU Austria'!$AE$58),'Availabilities EU Austria'!$AE$58,IF(ISNUMBER('Availabilities EU Austria'!$AE$50),'Availabilities EU Austria'!$AE$50,1)) -> 0.16666667 | H70: =IF(ISNUMBER('Availabilities EU Austria'!$N$58),'Availabilities EU Austria'!$N$58,0)*$G70 -> 6.5469705 | I70: =IF(ISNUMBER('Availabilities EU Austria'!$Q$58),'Availabilities EU Austria'!$Q$58,0)*$G70 -> 9.1728821 | J70: =IF(ISNUMBER('Availabilities EU Austria'!$X$58),'Availabilities EU Austria'!$X$58,0)*$G70 -> 9.7682905 | K70: =SUM(H70:J70) -> 25.488143 | L70: =IF(SUMIFS($K$34:$K$135,$A$34:$A$135,$A70,$B$34:$B$135,$B70,$C$34:$C$135,$C70,$D$34:$D$135,$D70)=0,1/COUNTIFS($A$34:$A$135,$A70,$B$34:$B$135,$B70,$C$34:$C$135,$C70,$D$34:$D$135,$D70),K70/SUMIFS($K$34:$K$135,$A$34:$A$135,$A70,$B$34:$B$135,$B70,$C$34:$C$135,$C70,$D$34:$D$135,$D70)) -> 0.14891952 | M70: =Tabelle1!$I$15 -> 12.5 | N70: Direct wood/black-liquor benchmark
A71: EU | B71: 8a | C71: Methanol | D71: Maritime-bio | E71: 59 | F71: Biowastes - Post consumer wood | G71: =IF(ISNUMBER('Availabilities EU Austria'!$AE$59),'Availabilities EU Austria'!$AE$59,IF(ISNUMBER('Availabilities EU Austria'!$AE$50),'Availabilities EU Austria'!$AE$50,1)) -> 0.2 | H71: =IF(ISNUMBER('Availabilities EU Austria'!$N$59),'Availabilities EU Austria'!$N$59,0)*$G71 -> 2.3533671 | I71: =IF(ISNUMBER('Availabilities EU Austria'!$Q$59),'Availabilities EU Austria'!$Q$59,0)*$G71 -> 3.1378228 | J71: =IF(ISNUMBER('Availabilities EU Austria'!$X$59),'Availabilities EU Austria'!$X$59,0)*$G71 -> 3.8061027 | K71: =SUM(H71:J71) -> 9.2972927 | L71: =IF(SUMIFS($K$34:$K$135,$A$34:$A$135,$A71,$B$34:$B$135,$B71,$C$34:$C$135,$C71,$D$34:$D$135,$D71)=0,1/COUNTIFS($A$34:$A$135,$A71,$B$34:$B$135,$B71,$C$34:$C$135,$C71,$D$34:$D$135,$D71),K71/SUMIFS($K$34:$K$135,$A$34:$A$135,$A71,$B$34:$B$135,$B71,$C$34:$C$135,$C71,$D$34:$D$135,$D71)) -> 0.054321272 | M71: =Tabelle1!$I$15 -> 12.5 | N71: Direct wood/black-liquor benchmark
A72: EU | B72: 8a | C72: Methanol | D72: Maritime-bio | E72: 60 | F72: Intermediate Bioenergy carrier (FPBO with lower quality) | G72: =IF(ISNUMBER('Availabilities EU Austria'!$AE$60),'Availabilities EU Austria'!$AE$60,IF(ISNUMBER('Availabilities EU Austria'!$AE$50),'Availabilities EU Austria'!$AE$50,1)) -> 0.25 | H72: =IF(ISNUMBER('Availabilities EU Austria'!$N$60),'Availabilities EU Austria'!$N$60,0)*$G72 -> 1.2970107 | I72: =IF(ISNUMBER('Availabilities EU Austria'!$Q$60),'Availabilities EU Austria'!$Q$60,0)*$G72 -> 1.8521732 | J72: =IF(ISNUMBER('Availabilities EU Austria'!$X$60),'Availabilities EU Austria'!$X$60,0)*$G72 -> 2.235308 | K72: =SUM(H72:J72) -> 5.3844919 | L72: =IF(SUMIFS($K$34:$K$135,$A$34:$A$135,$A72,$B$34:$B$135,$B72,$C$34:$C$135,$C72,$D$34:$D$135,$D72)=0,1/COUNTIFS($A$34:$A$135,$A72,$B$34:$B$135,$B72,$C$34:$C$135,$C72,$D$34:$D$135,$D72),K72/SUMIFS($K$34:$K$135,$A$34:$A$135,$A72,$B$34:$B$135,$B72,$C$34:$C$135,$C72,$D$34:$D$135,$D72)) -> 0.031459959 | M72: =Tabelle1!$I$15 -> 12.5 | N72: Direct wood/black-liquor benchmark
A73: EU | B73: 8b | C73: Methanol | D73: Maritime-bio | E73: 62 | F73: Intermediate Bioenergy carrier (biomethane) | G73: =IF(ISNUMBER('Availabilities EU Austria'!$AE$62),'Availabilities EU Austria'!$AE$62,IF(ISNUMBER('Availabilities EU Austria'!$AE$61),'Availabilities EU Austria'!$AE$61,1)) -> 1 | H73: =IF(ISNUMBER('Availabilities EU Austria'!$N$62),'Availabilities EU Austria'!$N$62,0)*$G73 -> 2.296 | I73: =IF(ISNUMBER('Availabilities EU Austria'!$Q$62),'Availabilities EU Austria'!$Q$62,0)*$G73 -> 0 | J73: =IF(ISNUMBER('Availabilities EU Austria'!$X$62),'Availabilities EU Austria'!$X$62,0)*$G73 -> 0 | K73: =SUM(H73:J73) -> 2.296 | L73: =IF(SUMIFS($K$34:$K$135,$A$34:$A$135,$A73,$B$34:$B$135,$B73,$C$34:$C$135,$C73,$D$34:$D$135,$D73)=0,1/COUNTIFS($A$34:$A$135,$A73,$B$34:$B$135,$B73,$C$34:$C$135,$C73,$D$34:$D$135,$D73),K73/SUMIFS($K$34:$K$135,$A$34:$A$135,$A73,$B$34:$B$135,$B73,$C$34:$C$135,$C73,$D$34:$D$135,$D73)) -> 0.08107517 | M73: =Tabelle1!$I$16 -> 12 | N73: Direct biomethane benchmark
A74: EU | B74: 8b | C74: Methanol | D74: Maritime-bio | E74: 63 | F74: Methanol pathway / scenario | G74: =IF(ISNUMBER('Availabilities EU Austria'!$AE$63),'Availabilities EU Austria'!$AE$63,IF(ISNUMBER('Availabilities EU Austria'!$AE$61),'Availabilities EU Austria'!$AE$61,1)) -> 1 | H74: =IF(ISNUMBER('Availabilities EU Austria'!$N$63),'Availabilities EU Austria'!$N$63,0)*$G74 -> 0 | I74: =IF(ISNUMBER('Availabilities EU Austria'!$Q$63),'Availabilities EU Austria'!$Q$63,0)*$G74 -> 1.7283951 | J74: =IF(ISNUMBER('Availabilities EU Austria'!$X$63),'Availabilities EU Austria'!$X$63,0)*$G74 -> 0 | K74: =SUM(H74:J74) -> 1.7283951 | L74: =IF(SUMIFS($K$34:$K$135,$A$34:$A$135,$A74,$B$34:$B$135,$B74,$C$34:$C$135,$C74,$D$34:$D$135,$D74)=0,1/COUNTIFS($A$34:$A$135,$A74,$B$34:$B$135,$B74,$C$34:$C$135,$C74,$D$34:$D$135,$D74),K74/SUMIFS($K$34:$K$135,$A$34:$A$135,$A74,$B$34:$B$135,$B74,$C$34:$C$135,$C74,$D$34:$D$135,$D74)) -> 0.061032196 | M74: =Tabelle1!$I$16 -> 12 | N74: Direct biomethane benchmark
A75: EU | B75: 8b | C75: Methanol | D75: Maritime-bio | E75: 64 | F75: Methanol pathway / scenario | G75: =IF(ISNUMBER('Availabilities EU Austria'!$AE$64),'Availabilities EU Austria'!$AE$64,IF(ISNUMBER('Availabilities EU Austria'!$AE$61),'Availabilities EU Austria'!$AE$61,1)) -> 1 | H75: =IF(ISNUMBER('Availabilities EU Austria'!$N$64),'Availabilities EU Austria'!$N$64,0)*$G75 -> 0 | I75: =IF(ISNUMBER('Availabilities EU Austria'!$Q$64),'Availabilities EU Austria'!$Q$64,0)*$G75 -> 24.295003 | J75: =IF(ISNUMBER('Availabilities EU Austria'!$X$64),'Availabilities EU Austria'!$X$64,0)*$G75 -> 0 | K75: =SUM(H75:J75) -> 24.295003 | L75: =IF(SUMIFS($K$34:$K$135,$A$34:$A$135,$A75,$B$34:$B$135,$B75,$C$34:$C$135,$C75,$D$34:$D$135,$D75)=0,1/COUNTIFS($A$34:$A$135,$A75,$B$34:$B$135,$B75,$C$34:$C$135,$C75,$D$34:$D$135,$D75),K75/SUMIFS($K$34:$K$135,$A$34:$A$135,$A75,$B$34:$B$135,$B75,$C$34:$C$135,$C75,$D$34:$D$135,$D75)) -> 0.85789263 | M75: =Tabelle1!$I$16 -> 12 | N75: Direct biomethane benchmark
A76: EU | B76: 8c | C76: e-Methanol (RFNBO) | D76: Maritime-e | E76: 66 | F76: e-biofuel feedstocks (biogenic CO2 and hydrogen from electrolysis) | G76: =IF(ISNUMBER('Availabilities EU Austria'!$AE$66),'Availabilities EU Austria'!$AE$66,IF(ISNUMBER('Availabilities EU Austria'!$AE$65),'Availabilities EU Austria'!$AE$65,1)) -> 0.5 | H76: =IF(ISNUMBER('Availabilities EU Austria'!$N$66),'Availabilities EU Austria'!$N$66,0)*$G76 -> 16.34 | I76: =IF(ISNUMBER('Availabilities EU Austria'!$Q$66),'Availabilities EU Austria'!$Q$66,0)*$G76 -> 16.34 | J76: =IF(ISNUMBER('Availabilities EU Austria'!$X$66),'Availabilities EU Austria'!$X$66,0)*$G76 -> 32.195 | K76: =SUM(H76:J76) -> 64.875 | L76: =IF(SUMIFS($K$34:$K$135,$A$34:$A$135,$A76,$B$34:$B$135,$B76,$C$34:$C$135,$C76,$D$34:$D$135,$D76)=0,1/COUNTIFS($A$34:$A$135,$A76,$B$34:$B$135,$B76,$C$34:$C$135,$C76,$D$34:$D$135,$D76),K76/SUMIFS($K$34:$K$135,$A$34:$A$135,$A76,$B$34:$B$135,$B76,$C$34:$C$135,$C76,$D$34:$D$135,$D76)) -> 1 | M76: =Tabelle1!$I$17 -> 1.8 | N76: Direct CO2 and green-H2 benchmark
A77: EU | B77: 8d | C77: Pathway output | D77: Other / multi-sector | E77: 68 | F77: Intermediate Bioenergy carrier (cellulose pulp) | G77: =IF(ISNUMBER('Availabilities EU Austria'!$AE$68),'Availabilities EU Austria'!$AE$68,IF(ISNUMBER('Availabilities EU Austria'!$AE$67),'Availabilities EU Austria'!$AE$67,1)) -> 1 | H77: =IF(ISNUMBER('Availabilities EU Austria'!$N$68),'Availabilities EU Austria'!$N$68,0)*$G77 -> 0 | I77: =IF(ISNUMBER('Availabilities EU Austria'!$Q$68),'Availabilities EU Austria'!$Q$68,0)*$G77 -> 0 | J77: =IF(ISNUMBER('Availabilities EU Austria'!$X$68),'Availabilities EU Austria'!$X$68,0)*$G77 -> 0 | K77: =SUM(H77:J77) -> 0 | L77: =IF(SUMIFS($K$34:$K$135,$A$34:$A$135,$A77,$B$34:$B$135,$B77,$C$34:$C$135,$C77,$D$34:$D$135,$D77)=0,1/COUNTIFS($A$34:$A$135,$A77,$B$34:$B$135,$B77,$C$34:$C$135,$C77,$D$34:$D$135,$D77),K77/SUMIFS($K$34:$K$135,$A$34:$A$135,$A77,$B$34:$B$135,$B77,$C$34:$C$135,$C77,$D$34:$D$135,$D77)) -> 1 | M77: =Tabelle1!$I$15 -> 12.5 | N77: Cellulose-to-methanol proxy from IVC 8a
A78: EU | B78: 9a | C78: Methane | D78: Maritime -bio | E78: 70 | F78: Straw | G78: =IF(ISNUMBER('Availabilities EU Austria'!$AE$70),'Availabilities EU Austria'!$AE$70,IF(ISNUMBER('Availabilities EU Austria'!$AE$69),'Availabilities EU Austria'!$AE$69,1)) -> 0.14285714 | H78: =IF(ISNUMBER('Availabilities EU Austria'!$N$70),'Availabilities EU Austria'!$N$70,0)*$G78 -> 18.698948 | I78: =IF(ISNUMBER('Availabilities EU Austria'!$Q$70),'Availabilities EU Austria'!$Q$70,0)*$G78 -> 29.62992 | J78: =IF(ISNUMBER('Availabilities EU Austria'!$X$70),'Availabilities EU Austria'!$X$70,0)*$G78 -> 29.62992 | K78: =SUM(H78:J78) -> 77.958788 | L78: =IF(SUMIFS($K$34:$K$135,$A$34:$A$135,$A78,$B$34:$B$135,$B78,$C$34:$C$135,$C78,$D$34:$D$135,$D78)=0,1/COUNTIFS($A$34:$A$135,$A78,$B$34:$B$135,$B78,$C$34:$C$135,$C78,$D$34:$D$135,$D78),K78/SUMIFS($K$34:$K$135,$A$34:$A$135,$A78,$B$34:$B$135,$B78,$C$34:$C$135,$C78,$D$34:$D$135,$D78)) -> 0.45548964 | M78: =Tabelle1!$I$18 -> 21 | N78: Waste-wood pathway benchmark
A79: EU | B79: 9a | C79: Methane | D79: Maritime -bio | E79: 71 | F79: Prunings & damaged crops | G79: =IF(ISNUMBER('Availabilities EU Austria'!$AE$71),'Availabilities EU Austria'!$AE$71,IF(ISNUMBER('Availabilities EU Austria'!$AE$69),'Availabilities EU Austria'!$AE$69,1)) -> 0.16666667 | H79: =IF(ISNUMBER('Availabilities EU Austria'!$N$71),'Availabilities EU Austria'!$N$71,0)*$G79 -> 1.4158808 | I79: =IF(ISNUMBER('Availabilities EU Austria'!$Q$71),'Availabilities EU Austria'!$Q$71,0)*$G79 -> 2.0429542 | J79: =IF(ISNUMBER('Availabilities EU Austria'!$X$71),'Availabilities EU Austria'!$X$71,0)*$G79 -> 1.9897732 | K79: =SUM(H79:J79) -> 5.4486082 | L79: =IF(SUMIFS($K$34:$K$135,$A$34:$A$135,$A79,$B$34:$B$135,$B79,$C$34:$C$135,$C79,$D$34:$D$135,$D79)=0,1/COUNTIFS($A$34:$A$135,$A79,$B$34:$B$135,$B79,$C$34:$C$135,$C79,$D$34:$D$135,$D79),K79/SUMIFS($K$34:$K$135,$A$34:$A$135,$A79,$B$34:$B$135,$B79,$C$34:$C$135,$C79,$D$34:$D$135,$D79)) -> 0.031834571 | M79: =Tabelle1!$I$18 -> 21 | N79: Waste-wood pathway benchmark
A80: EU | B80: 9a | C80: Methane | D80: Maritime -bio | E80: 72 | F80: Sewage sludge | G80: =IF(ISNUMBER('Availabilities EU Austria'!$AE$72),'Availabilities EU Austria'!$AE$72,IF(ISNUMBER('Availabilities EU Austria'!$AE$69),'Availabilities EU Austria'!$AE$69,1)) -> 0.25 | H80: =IF(ISNUMBER('Availabilities EU Austria'!$N$72),'Availabilities EU Austria'!$N$72,0)*$G80 -> 2.2042904 | I80: =IF(ISNUMBER('Availabilities EU Austria'!$Q$72),'Availabilities EU Austria'!$Q$72,0)*$G80 -> 2.4636187 | J80: =IF(ISNUMBER('Availabilities EU Austria'!$X$72),'Availabilities EU Austria'!$X$72,0)*$G80 -> 2.2901826 | K80: =SUM(H80:J80) -> 6.9580917 | L80: =IF(SUMIFS($K$34:$K$135,$A$34:$A$135,$A80,$B$34:$B$135,$B80,$C$34:$C$135,$C80,$D$34:$D$135,$D80)=0,1/COUNTIFS($A$34:$A$135,$A80,$B$34:$B$135,$B80,$C$34:$C$135,$C80,$D$34:$D$135,$D80),K80/SUMIFS($K$34:$K$135,$A$34:$A$135,$A80,$B$34:$B$135,$B80,$C$34:$C$135,$C80,$D$34:$D$135,$D80)) -> 0.040654027 | M80: =Tabelle1!$I$18 -> 21 | N80: Waste-wood pathway benchmark
A81: EU | B81: 9a | C81: Methane | D81: Maritime -bio | E81: 73 | F81: Agroprocessing residues - maize cobs | G81: =IF(ISNUMBER('Availabilities EU Austria'!$AE$73),'Availabilities EU Austria'!$AE$73,IF(ISNUMBER('Availabilities EU Austria'!$AE$69),'Availabilities EU Austria'!$AE$69,1)) -> 0.2 | H81: =IF(ISNUMBER('Availabilities EU Austria'!$N$73),'Availabilities EU Austria'!$N$73,0)*$G81 -> 0.69070778 | I81: =IF(ISNUMBER('Availabilities EU Austria'!$Q$73),'Availabilities EU Austria'!$Q$73,0)*$G81 -> 1.0360617 | J81: =IF(ISNUMBER('Availabilities EU Austria'!$X$73),'Availabilities EU Austria'!$X$73,0)*$G81 -> 0.88961113 | K81: =SUM(H81:J81) -> 2.6163806 | L81: =IF(SUMIFS($K$34:$K$135,$A$34:$A$135,$A81,$B$34:$B$135,$B81,$C$34:$C$135,$C81,$D$34:$D$135,$D81)=0,1/COUNTIFS($A$34:$A$135,$A81,$B$34:$B$135,$B81,$C$34:$C$135,$C81,$D$34:$D$135,$D81),K81/SUMIFS($K$34:$K$135,$A$34:$A$135,$A81,$B$34:$B$135,$B81,$C$34:$C$135,$C81,$D$34:$D$135,$D81)) -> 0.015286721 | M81: =Tabelle1!$I$18 -> 21 | N81: Waste-wood pathway benchmark
A82: EU | B82: 9a | C82: Methane | D82: Maritime -bio | E82: 74 | F82: Lignocrops abandoned degraded | G82: =IF(ISNUMBER('Availabilities EU Austria'!$AE$74),'Availabilities EU Austria'!$AE$74,IF(ISNUMBER('Availabilities EU Austria'!$AE$69),'Availabilities EU Austria'!$AE$69,1)) -> 0.14285714 | H82: =IF(ISNUMBER('Availabilities EU Austria'!$N$74),'Availabilities EU Austria'!$N$74,0)*$G82 -> 0.7318695 | I82: =IF(ISNUMBER('Availabilities EU Austria'!$Q$74),'Availabilities EU Austria'!$Q$74,0)*$G82 -> 1.2483094 | J82: =IF(ISNUMBER('Availabilities EU Austria'!$X$74),'Availabilities EU Austria'!$X$74,0)*$G82 -> 10.204344 | K82: =SUM(H82:J82) -> 12.184523 | L82: =IF(SUMIFS($K$34:$K$135,$A$34:$A$135,$A82,$B$34:$B$135,$B82,$C$34:$C$135,$C82,$D$34:$D$135,$D82)=0,1/COUNTIFS($A$34:$A$135,$A82,$B$34:$B$135,$B82,$C$34:$C$135,$C82,$D$34:$D$135,$D82),K82/SUMIFS($K$34:$K$135,$A$34:$A$135,$A82,$B$34:$B$135,$B82,$C$34:$C$135,$C82,$D$34:$D$135,$D82)) -> 0.071190486 | M82: =Tabelle1!$I$19 -> 24.4 | N82: Short-rotation/forest-chip benchmark
A83: EU | B83: 9a | C83: Methane | D83: Maritime -bio | E83: 75 | F83: Lignocrops inter & cover cropping | G83: =IF(ISNUMBER('Availabilities EU Austria'!$AE$75),'Availabilities EU Austria'!$AE$75,IF(ISNUMBER('Availabilities EU Austria'!$AE$69),'Availabilities EU Austria'!$AE$69,1)) -> 0.14285714 | H83: =IF(ISNUMBER('Availabilities EU Austria'!$N$75),'Availabilities EU Austria'!$N$75,0)*$G83 -> 0.33319692 | I83: =IF(ISNUMBER('Availabilities EU Austria'!$Q$75),'Availabilities EU Austria'!$Q$75,0)*$G83 -> 0.87705688 | J83: =IF(ISNUMBER('Availabilities EU Austria'!$X$75),'Availabilities EU Austria'!$X$75,0)*$G83 -> 2.0142017 | K83: =SUM(H83:J83) -> 3.2244555 | L83: =IF(SUMIFS($K$34:$K$135,$A$34:$A$135,$A83,$B$34:$B$135,$B83,$C$34:$C$135,$C83,$D$34:$D$135,$D83)=0,1/COUNTIFS($A$34:$A$135,$A83,$B$34:$B$135,$B83,$C$34:$C$135,$C83,$D$34:$D$135,$D83),K83/SUMIFS($K$34:$K$135,$A$34:$A$135,$A83,$B$34:$B$135,$B83,$C$34:$C$135,$C83,$D$34:$D$135,$D83)) -> 0.018839519 | M83: =Tabelle1!$I$19 -> 24.4 | N83: Short-rotation/forest-chip benchmark
A84: EU | B84: 9a | C84: Methane | D84: Maritime -bio | E84: 76 | F84: Primary forestry residues | G84: =IF(ISNUMBER('Availabilities EU Austria'!$AE$76),'Availabilities EU Austria'!$AE$76,IF(ISNUMBER('Availabilities EU Austria'!$AE$69),'Availabilities EU Austria'!$AE$69,1)) -> 0.2 | H84: =IF(ISNUMBER('Availabilities EU Austria'!$N$76),'Availabilities EU Austria'!$N$76,0)*$G84 -> 7.4833399 | I84: =IF(ISNUMBER('Availabilities EU Austria'!$Q$76),'Availabilities EU Austria'!$Q$76,0)*$G84 -> 7.4833399 | J84: =IF(ISNUMBER('Availabilities EU Austria'!$X$76),'Availabilities EU Austria'!$X$76,0)*$G84 -> 7.6263562 | K84: =SUM(H84:J84) -> 22.593036 | L84: =IF(SUMIFS($K$34:$K$135,$A$34:$A$135,$A84,$B$34:$B$135,$B84,$C$34:$C$135,$C84,$D$34:$D$135,$D84)=0,1/COUNTIFS($A$34:$A$135,$A84,$B$34:$B$135,$B84,$C$34:$C$135,$C84,$D$34:$D$135,$D84),K84/SUMIFS($K$34:$K$135,$A$34:$A$135,$A84,$B$34:$B$135,$B84,$C$34:$C$135,$C84,$D$34:$D$135,$D84)) -> 0.13200428 | M84: =Tabelle1!$I$19 -> 24.4 | N84: Short-rotation/forest-chip benchmark
A85: EU | B85: 9a | C85: Methane | D85: Maritime -bio | E85: 77 | F85: Secondary forest residues | G85: =IF(ISNUMBER('Availabilities EU Austria'!$AE$77),'Availabilities EU Austria'!$AE$77,IF(ISNUMBER('Availabilities EU Austria'!$AE$69),'Availabilities EU Austria'!$AE$69,1)) -> 0.16666667 | H85: =IF(ISNUMBER('Availabilities EU Austria'!$N$77),'Availabilities EU Austria'!$N$77,0)*$G85 -> 6.5469705 | I85: =IF(ISNUMBER('Availabilities EU Austria'!$Q$77),'Availabilities EU Austria'!$Q$77,0)*$G85 -> 9.1728821 | J85: =IF(ISNUMBER('Availabilities EU Austria'!$X$77),'Availabilities EU Austria'!$X$77,0)*$G85 -> 9.7682905 | K85: =SUM(H85:J85) -> 25.488143 | L85: =IF(SUMIFS($K$34:$K$135,$A$34:$A$135,$A85,$B$34:$B$135,$B85,$C$34:$C$135,$C85,$D$34:$D$135,$D85)=0,1/COUNTIFS($A$34:$A$135,$A85,$B$34:$B$135,$B85,$C$34:$C$135,$C85,$D$34:$D$135,$D85),K85/SUMIFS($K$34:$K$135,$A$34:$A$135,$A85,$B$34:$B$135,$B85,$C$34:$C$135,$C85,$D$34:$D$135,$D85)) -> 0.14891952 | M85: =Tabelle1!$I$18 -> 21 | N85: Waste-wood pathway benchmark
A86: EU | B86: 9a | C86: Methane | D86: Maritime -bio | E86: 78 | F86: Biowastes - Post consumer wood | G86: =IF(ISNUMBER('Availabilities EU Austria'!$AE$78),'Availabilities EU Austria'!$AE$78,IF(ISNUMBER('Availabilities EU Austria'!$AE$69),'Availabilities EU Austria'!$AE$69,1)) -> 0.2 | H86: =IF(ISNUMBER('Availabilities EU Austria'!$N$78),'Availabilities EU Austria'!$N$78,0)*$G86 -> 2.3533671 | I86: =IF(ISNUMBER('Availabilities EU Austria'!$Q$78),'Availabilities EU Austria'!$Q$78,0)*$G86 -> 3.1378228 | J86: =IF(ISNUMBER('Availabilities EU Austria'!$X$78),'Availabilities EU Austria'!$X$78,0)*$G86 -> 3.8061027 | K86: =SUM(H86:J86) -> 9.2972927 | L86: =IF(SUMIFS($K$34:$K$135,$A$34:$A$135,$A86,$B$34:$B$135,$B86,$C$34:$C$135,$C86,$D$34:$D$135,$D86)=0,1/COUNTIFS($A$34:$A$135,$A86,$B$34:$B$135,$B86,$C$34:$C$135,$C86,$D$34:$D$135,$D86),K86/SUMIFS($K$34:$K$135,$A$34:$A$135,$A86,$B$34:$B$135,$B86,$C$34:$C$135,$C86,$D$34:$D$135,$D86)) -> 0.054321272 | M86: =Tabelle1!$I$18 -> 21 | N86: Waste-wood pathway benchmark
A87: EU | B87: 9a | C87: Methane | D87: Maritime -bio | E87: 79 | F87: Intermediate Bioenergy carriers (FPBO with lower quality ) | G87: =IF(ISNUMBER('Availabilities EU Austria'!$AE$79),'Availabilities EU Austria'!$AE$79,IF(ISNUMBER('Availabilities EU Austria'!$AE$69),'Availabilities EU Austria'!$AE$69,1)) -> 0.25 | H87: =IF(ISNUMBER('Availabilities EU Austria'!$N$79),'Availabilities EU Austria'!$N$79,0)*$G87 -> 1.2970107 | I87: =IF(ISNUMBER('Availabilities EU Austria'!$Q$79),'Availabilities EU Austria'!$Q$79,0)*$G87 -> 1.8521732 | J87: =IF(ISNUMBER('Availabilities EU Austria'!$X$79),'Availabilities EU Austria'!$X$79,0)*$G87 -> 2.235308 | K87: =SUM(H87:J87) -> 5.3844919 | L87: =IF(SUMIFS($K$34:$K$135,$A$34:$A$135,$A87,$B$34:$B$135,$B87,$C$34:$C$135,$C87,$D$34:$D$135,$D87)=0,1/COUNTIFS($A$34:$A$135,$A87,$B$34:$B$135,$B87,$C$34:$C$135,$C87,$D$34:$D$135,$D87),K87/SUMIFS($K$34:$K$135,$A$34:$A$135,$A87,$B$34:$B$135,$B87,$C$34:$C$135,$C87,$D$34:$D$135,$D87)) -> 0.031459959 | M87: =Tabelle1!$I$18 -> 21 | N87: Waste-wood pathway benchmark
A88: EU | B88: 9b | C88: e-Methane (RFNBO) | D88: Maritime-e 2040/ 2050 | E88: 81 | F88: e-biofuel feedstocks (biogenic CO2 and hydrogen from electrolysis) | G88: =IF(ISNUMBER('Availabilities EU Austria'!$AE$81),'Availabilities EU Austria'!$AE$81,IF(ISNUMBER('Availabilities EU Austria'!$AE$80),'Availabilities EU Austria'!$AE$80,1)) -> 0.5 | H88: =IF(ISNUMBER('Availabilities EU Austria'!$N$81),'Availabilities EU Austria'!$N$81,0)*$G88 -> 16.34 | I88: =IF(ISNUMBER('Availabilities EU Austria'!$Q$81),'Availabilities EU Austria'!$Q$81,0)*$G88 -> 16.34 | J88: =IF(ISNUMBER('Availabilities EU Austria'!$X$81),'Availabilities EU Austria'!$X$81,0)*$G88 -> 32.195 | K88: =SUM(H88:J88) -> 64.875 | L88: =IF(SUMIFS($K$34:$K$135,$A$34:$A$135,$A88,$B$34:$B$135,$B88,$C$34:$C$135,$C88,$D$34:$D$135,$D88)=0,1/COUNTIFS($A$34:$A$135,$A88,$B$34:$B$135,$B88,$C$34:$C$135,$C88,$D$34:$D$135,$D88),K88/SUMIFS($K$34:$K$135,$A$34:$A$135,$A88,$B$34:$B$135,$B88,$C$34:$C$135,$C88,$D$34:$D$135,$D88)) -> 1 | M88: =Tabelle1!$I$20 -> 2.4 | N88: Direct CO2 and green-H2 benchmark
A89: EU | B89: 11a | C89: Biodiesel | D89: Road-bio | E89: 94 | F89: Straw | G89: =IF(ISNUMBER('Availabilities EU Austria'!$AE$94),'Availabilities EU Austria'!$AE$94,IF(ISNUMBER('Availabilities EU Austria'!$AE$93),'Availabilities EU Austria'!$AE$93,1)) -> 0.071428571 | H89: =IF(ISNUMBER('Availabilities EU Austria'!$N$94),'Availabilities EU Austria'!$N$94,0)*$G89 -> 9.349474 | I89: =IF(ISNUMBER('Availabilities EU Austria'!$Q$94),'Availabilities EU Austria'!$Q$94,0)*$G89 -> 14.81496 | J89: =IF(ISNUMBER('Availabilities EU Austria'!$X$94),'Availabilities EU Austria'!$X$94,0)*$G89 -> 14.81496 | K89: =SUM(H89:J89) -> 38.979394 | L89: =IF(SUMIFS($K$34:$K$135,$A$34:$A$135,$A89,$B$34:$B$135,$B89,$C$34:$C$135,$C89,$D$34:$D$135,$D89)=0,1/COUNTIFS($A$34:$A$135,$A89,$B$34:$B$135,$B89,$C$34:$C$135,$C89,$D$34:$D$135,$D89),K89/SUMIFS($K$34:$K$135,$A$34:$A$135,$A89,$B$34:$B$135,$B89,$C$34:$C$135,$C89,$D$34:$D$135,$D89)) -> 0.45548964 | M89: =Tabelle1!$I$21 -> 7.7 | N89: Road-bio: feedstock-specific gasification benchmark (Tabelle1 sector row)
A90: EU | B90: 11a | C90: Biodiesel | D90: Road-bio | E90: 95 | F90: Prunings & damaged crops | G90: =IF(ISNUMBER('Availabilities EU Austria'!$AE$95),'Availabilities EU Austria'!$AE$95,IF(ISNUMBER('Availabilities EU Austria'!$AE$93),'Availabilities EU Austria'!$AE$93,1)) -> 0.083333333 | H90: =IF(ISNUMBER('Availabilities EU Austria'!$N$95),'Availabilities EU Austria'!$N$95,0)*$G90 -> 0.70794038 | I90: =IF(ISNUMBER('Availabilities EU Austria'!$Q$95),'Availabilities EU Austria'!$Q$95,0)*$G90 -> 1.0214771 | J90: =IF(ISNUMBER('Availabilities EU Austria'!$X$95),'Availabilities EU Austria'!$X$95,0)*$G90 -> 0.99488659 | K90: =SUM(H90:J90) -> 2.7243041 | L90: =IF(SUMIFS($K$34:$K$135,$A$34:$A$135,$A90,$B$34:$B$135,$B90,$C$34:$C$135,$C90,$D$34:$D$135,$D90)=0,1/COUNTIFS($A$34:$A$135,$A90,$B$34:$B$135,$B90,$C$34:$C$135,$C90,$D$34:$D$135,$D90),K90/SUMIFS($K$34:$K$135,$A$34:$A$135,$A90,$B$34:$B$135,$B90,$C$34:$C$135,$C90,$D$34:$D$135,$D90)) -> 0.031834571 | M90: =Tabelle1!$I$21 -> 7.7 | N90: Road-bio: feedstock-specific gasification benchmark (Tabelle1 sector row)
A91: EU | B91: 11a | C91: Biodiesel | D91: Road-bio | E91: 96 | F91: Sewage sludge | G91: =IF(ISNUMBER('Availabilities EU Austria'!$AE$96),'Availabilities EU Austria'!$AE$96,IF(ISNUMBER('Availabilities EU Austria'!$AE$93),'Availabilities EU Austria'!$AE$93,1)) -> 0.125 | H91: =IF(ISNUMBER('Availabilities EU Austria'!$N$96),'Availabilities EU Austria'!$N$96,0)*$G91 -> 1.1021452 | I91: =IF(ISNUMBER('Availabilities EU Austria'!$Q$96),'Availabilities EU Austria'!$Q$96,0)*$G91 -> 1.2318093 | J91: =IF(ISNUMBER('Availabilities EU Austria'!$X$96),'Availabilities EU Austria'!$X$96,0)*$G91 -> 1.1450913 | K91: =SUM(H91:J91) -> 3.4790458 | L91: =IF(SUMIFS($K$34:$K$135,$A$34:$A$135,$A91,$B$34:$B$135,$B91,$C$34:$C$135,$C91,$D$34:$D$135,$D91)=0,1/COUNTIFS($A$34:$A$135,$A91,$B$34:$B$135,$B91,$C$34:$C$135,$C91,$D$34:$D$135,$D91),K91/SUMIFS($K$34:$K$135,$A$34:$A$135,$A91,$B$34:$B$135,$B91,$C$34:$C$135,$C91,$D$34:$D$135,$D91)) -> 0.040654027 | M91: =Tabelle1!$I$21 -> 7.7 | N91: Road-bio: feedstock-specific gasification benchmark (Tabelle1 sector row)
A92: EU | B92: 11a | C92: Biodiesel | D92: Road-bio | E92: 97 | F92: Agroprocessing residues - maize cobs | G92: =IF(ISNUMBER('Availabilities EU Austria'!$AE$97),'Availabilities EU Austria'!$AE$97,IF(ISNUMBER('Availabilities EU Austria'!$AE$93),'Availabilities EU Austria'!$AE$93,1)) -> 0.1 | H92: =IF(ISNUMBER('Availabilities EU Austria'!$N$97),'Availabilities EU Austria'!$N$97,0)*$G92 -> 0.34535389 | I92: =IF(ISNUMBER('Availabilities EU Austria'!$Q$97),'Availabilities EU Austria'!$Q$97,0)*$G92 -> 0.51803083 | J92: =IF(ISNUMBER('Availabilities EU Austria'!$X$97),'Availabilities EU Austria'!$X$97,0)*$G92 -> 0.44480556 | K92: =SUM(H92:J92) -> 1.3081903 | L92: =IF(SUMIFS($K$34:$K$135,$A$34:$A$135,$A92,$B$34:$B$135,$B92,$C$34:$C$135,$C92,$D$34:$D$135,$D92)=0,1/COUNTIFS($A$34:$A$135,$A92,$B$34:$B$135,$B92,$C$34:$C$135,$C92,$D$34:$D$135,$D92),K92/SUMIFS($K$34:$K$135,$A$34:$A$135,$A92,$B$34:$B$135,$B92,$C$34:$C$135,$C92,$D$34:$D$135,$D92)) -> 0.015286721 | M92: =Tabelle1!$I$21 -> 7.7 | N92: Road-bio: feedstock-specific gasification benchmark (Tabelle1 sector row)
A93: EU | B93: 11a | C93: Biodiesel | D93: Road-bio | E93: 98 | F93: Lignocrops abandoned degraded | G93: =IF(ISNUMBER('Availabilities EU Austria'!$AE$98),'Availabilities EU Austria'!$AE$98,IF(ISNUMBER('Availabilities EU Austria'!$AE$93),'Availabilities EU Austria'!$AE$93,1)) -> 0.071428571 | H93: =IF(ISNUMBER('Availabilities EU Austria'!$N$98),'Availabilities EU Austria'!$N$98,0)*$G93 -> 0.36593475 | I93: =IF(ISNUMBER('Availabilities EU Austria'!$Q$98),'Availabilities EU Austria'!$Q$98,0)*$G93 -> 0.6241547 | J93: =IF(ISNUMBER('Availabilities EU Austria'!$X$98),'Availabilities EU Austria'!$X$98,0)*$G93 -> 5.102172 | K93: =SUM(H93:J93) -> 6.0922615 | L93: =IF(SUMIFS($K$34:$K$135,$A$34:$A$135,$A93,$B$34:$B$135,$B93,$C$34:$C$135,$C93,$D$34:$D$135,$D93)=0,1/COUNTIFS($A$34:$A$135,$A93,$B$34:$B$135,$B93,$C$34:$C$135,$C93,$D$34:$D$135,$D93),K93/SUMIFS($K$34:$K$135,$A$34:$A$135,$A93,$B$34:$B$135,$B93,$C$34:$C$135,$C93,$D$34:$D$135,$D93)) -> 0.071190486 | M93: =Tabelle1!$I$22 -> 12.2 | N93: Road-bio: feedstock-specific gasification benchmark (Tabelle1 sector row)
A94: EU | B94: 11a | C94: Biodiesel | D94: Road-bio | E94: 99 | F94: Lignocrops inter & cover cropping | G94: =IF(ISNUMBER('Availabilities EU Austria'!$AE$99),'Availabilities EU Austria'!$AE$99,IF(ISNUMBER('Availabilities EU Austria'!$AE$93),'Availabilities EU Austria'!$AE$93,1)) -> 0.071428571 | H94: =IF(ISNUMBER('Availabilities EU Austria'!$N$99),'Availabilities EU Austria'!$N$99,0)*$G94 -> 0.16659846 | I94: =IF(ISNUMBER('Availabilities EU Austria'!$Q$99),'Availabilities EU Austria'!$Q$99,0)*$G94 -> 0.43852844 | J94: =IF(ISNUMBER('Availabilities EU Austria'!$X$99),'Availabilities EU Austria'!$X$99,0)*$G94 -> 1.0071008 | K94: =SUM(H94:J94) -> 1.6122277 | L94: =IF(SUMIFS($K$34:$K$135,$A$34:$A$135,$A94,$B$34:$B$135,$B94,$C$34:$C$135,$C94,$D$34:$D$135,$D94)=0,1/COUNTIFS($A$34:$A$135,$A94,$B$34:$B$135,$B94,$C$34:$C$135,$C94,$D$34:$D$135,$D94),K94/SUMIFS($K$34:$K$135,$A$34:$A$135,$A94,$B$34:$B$135,$B94,$C$34:$C$135,$C94,$D$34:$D$135,$D94)) -> 0.018839519 | M94: =Tabelle1!$I$22 -> 12.2 | N94: Road-bio: feedstock-specific gasification benchmark (Tabelle1 sector row)
A95: EU | B95: 11a | C95: Biodiesel | D95: Road-bio | E95: 100 | F95: Primary forestry residues | G95: =IF(ISNUMBER('Availabilities EU Austria'!$AE$100),'Availabilities EU Austria'!$AE$100,IF(ISNUMBER('Availabilities EU Austria'!$AE$93),'Availabilities EU Austria'!$AE$93,1)) -> 0.1 | H95: =IF(ISNUMBER('Availabilities EU Austria'!$N$100),'Availabilities EU Austria'!$N$100,0)*$G95 -> 3.7416699 | I95: =IF(ISNUMBER('Availabilities EU Austria'!$Q$100),'Availabilities EU Austria'!$Q$100,0)*$G95 -> 3.7416699 | J95: =IF(ISNUMBER('Availabilities EU Austria'!$X$100),'Availabilities EU Austria'!$X$100,0)*$G95 -> 3.8131781 | K95: =SUM(H95:J95) -> 11.296518 | L95: =IF(SUMIFS($K$34:$K$135,$A$34:$A$135,$A95,$B$34:$B$135,$B95,$C$34:$C$135,$C95,$D$34:$D$135,$D95)=0,1/COUNTIFS($A$34:$A$135,$A95,$B$34:$B$135,$B95,$C$34:$C$135,$C95,$D$34:$D$135,$D95),K95/SUMIFS($K$34:$K$135,$A$34:$A$135,$A95,$B$34:$B$135,$B95,$C$34:$C$135,$C95,$D$34:$D$135,$D95)) -> 0.13200428 | M95: =Tabelle1!$I$22 -> 12.2 | N95: Road-bio: feedstock-specific gasification benchmark (Tabelle1 sector row)
A96: EU | B96: 11a | C96: Biodiesel | D96: Road-bio | E96: 101 | F96: Secondary forest residues | G96: =IF(ISNUMBER('Availabilities EU Austria'!$AE$101),'Availabilities EU Austria'!$AE$101,IF(ISNUMBER('Availabilities EU Austria'!$AE$93),'Availabilities EU Austria'!$AE$93,1)) -> 0.083333333 | H96: =IF(ISNUMBER('Availabilities EU Austria'!$N$101),'Availabilities EU Austria'!$N$101,0)*$G96 -> 3.2734853 | I96: =IF(ISNUMBER('Availabilities EU Austria'!$Q$101),'Availabilities EU Austria'!$Q$101,0)*$G96 -> 4.5864411 | J96: =IF(ISNUMBER('Availabilities EU Austria'!$X$101),'Availabilities EU Austria'!$X$101,0)*$G96 -> 4.8841453 | K96: =SUM(H96:J96) -> 12.744072 | L96: =IF(SUMIFS($K$34:$K$135,$A$34:$A$135,$A96,$B$34:$B$135,$B96,$C$34:$C$135,$C96,$D$34:$D$135,$D96)=0,1/COUNTIFS($A$34:$A$135,$A96,$B$34:$B$135,$B96,$C$34:$C$135,$C96,$D$34:$D$135,$D96),K96/SUMIFS($K$34:$K$135,$A$34:$A$135,$A96,$B$34:$B$135,$B96,$C$34:$C$135,$C96,$D$34:$D$135,$D96)) -> 0.14891952 | M96: =Tabelle1!$I$21 -> 7.7 | N96: Road-bio: feedstock-specific gasification benchmark (Tabelle1 sector row)
A97: EU | B97: 11a | C97: Biodiesel | D97: Road-bio | E97: 102 | F97: Biowastes - Post consumer wood | G97: =IF(ISNUMBER('Availabilities EU Austria'!$AE$102),'Availabilities EU Austria'!$AE$102,IF(ISNUMBER('Availabilities EU Austria'!$AE$93),'Availabilities EU Austria'!$AE$93,1)) -> 0.1 | H97: =IF(ISNUMBER('Availabilities EU Austria'!$N$102),'Availabilities EU Austria'!$N$102,0)*$G97 -> 1.1766836 | I97: =IF(ISNUMBER('Availabilities EU Austria'!$Q$102),'Availabilities EU Austria'!$Q$102,0)*$G97 -> 1.5689114 | J97: =IF(ISNUMBER('Availabilities EU Austria'!$X$102),'Availabilities EU Austria'!$X$102,0)*$G97 -> 1.9030513 | K97: =SUM(H97:J97) -> 4.6486463 | L97: =IF(SUMIFS($K$34:$K$135,$A$34:$A$135,$A97,$B$34:$B$135,$B97,$C$34:$C$135,$C97,$D$34:$D$135,$D97)=0,1/COUNTIFS($A$34:$A$135,$A97,$B$34:$B$135,$B97,$C$34:$C$135,$C97,$D$34:$D$135,$D97),K97/SUMIFS($K$34:$K$135,$A$34:$A$135,$A97,$B$34:$B$135,$B97,$C$34:$C$135,$C97,$D$34:$D$135,$D97)) -> 0.054321272 | M97: =Tabelle1!$I$21 -> 7.7 | N97: Road-bio: feedstock-specific gasification benchmark (Tabelle1 sector row)
A98: EU | B98: 11a | C98: Biodiesel | D98: Road-bio | E98: 103 | F98: Intermediate Bioenergy carriers (FPBO with lower quality ) | G98: =IF(ISNUMBER('Availabilities EU Austria'!$AE$103),'Availabilities EU Austria'!$AE$103,IF(ISNUMBER('Availabilities EU Austria'!$AE$93),'Availabilities EU Austria'!$AE$93,1)) -> 0.125 | H98: =IF(ISNUMBER('Availabilities EU Austria'!$N$103),'Availabilities EU Austria'!$N$103,0)*$G98 -> 0.64850536 | I98: =IF(ISNUMBER('Availabilities EU Austria'!$Q$103),'Availabilities EU Austria'!$Q$103,0)*$G98 -> 0.92608658 | J98: =IF(ISNUMBER('Availabilities EU Austria'!$X$103),'Availabilities EU Austria'!$X$103,0)*$G98 -> 1.117654 | K98: =SUM(H98:J98) -> 2.6922459 | L98: =IF(SUMIFS($K$34:$K$135,$A$34:$A$135,$A98,$B$34:$B$135,$B98,$C$34:$C$135,$C98,$D$34:$D$135,$D98)=0,1/COUNTIFS($A$34:$A$135,$A98,$B$34:$B$135,$B98,$C$34:$C$135,$C98,$D$34:$D$135,$D98),K98/SUMIFS($K$34:$K$135,$A$34:$A$135,$A98,$B$34:$B$135,$B98,$C$34:$C$135,$C98,$D$34:$D$135,$D98)) -> 0.031459959 | M98: =Tabelle1!$I$21 -> 7.7 | N98: Road-bio: feedstock-specific gasification benchmark (Tabelle1 sector row)
A99: EU | B99: 11a | C99: FT-SPK | D99: Aviation-bio | E99: 105 | F99: Straw | G99: =IF(ISNUMBER('Availabilities EU Austria'!$AE$105),'Availabilities EU Austria'!$AE$105,IF(ISNUMBER('Availabilities EU Austria'!$AE$104),'Availabilities EU Austria'!$AE$104,1)) -> 0.071428571 | H99: =IF(ISNUMBER('Availabilities EU Austria'!$N$105),'Availabilities EU Austria'!$N$105,0)*$G99 -> 9.349474 | I99: =IF(ISNUMBER('Availabilities EU Austria'!$Q$105),'Availabilities EU Austria'!$Q$105,0)*$G99 -> 14.81496 | J99: =IF(ISNUMBER('Availabilities EU Austria'!$X$105),'Availabilities EU Austria'!$X$105,0)*$G99 -> 14.81496 | K99: =SUM(H99:J99) -> 38.979394 | L99: =IF(SUMIFS($K$34:$K$135,$A$34:$A$135,$A99,$B$34:$B$135,$B99,$C$34:$C$135,$C99,$D$34:$D$135,$D99)=0,1/COUNTIFS($A$34:$A$135,$A99,$B$34:$B$135,$B99,$C$34:$C$135,$C99,$D$34:$D$135,$D99),K99/SUMIFS($K$34:$K$135,$A$34:$A$135,$A99,$B$34:$B$135,$B99,$C$34:$C$135,$C99,$D$34:$D$135,$D99)) -> 0.45548964 | M99: =Tabelle1!$I$23 -> 7.7 | N99: Aviation-bio: feedstock-specific gasification benchmark (Tabelle1 sector row)
A100: EU | B100: 11a | C100: FT-SPK | D100: Aviation-bio | E100: 106 | F100: Prunings & damaged crops | G100: =IF(ISNUMBER('Availabilities EU Austria'!$AE$106),'Availabilities EU Austria'!$AE$106,IF(ISNUMBER('Availabilities EU Austria'!$AE$104),'Availabilities EU Austria'!$AE$104,1)) -> 0.083333333 | H100: =IF(ISNUMBER('Availabilities EU Austria'!$N$106),'Availabilities EU Austria'!$N$106,0)*$G100 -> 0.70794038 | I100: =IF(ISNUMBER('Availabilities EU Austria'!$Q$106),'Availabilities EU Austria'!$Q$106,0)*$G100 -> 1.0214771 | J100: =IF(ISNUMBER('Availabilities EU Austria'!$X$106),'Availabilities EU Austria'!$X$106,0)*$G100 -> 0.99488659 | K100: =SUM(H100:J100) -> 2.7243041 | L100: =IF(SUMIFS($K$34:$K$135,$A$34:$A$135,$A100,$B$34:$B$135,$B100,$C$34:$C$135,$C100,$D$34:$D$135,$D100)=0,1/COUNTIFS($A$34:$A$135,$A100,$B$34:$B$135,$B100,$C$34:$C$135,$C100,$D$34:$D$135,$D100),K100/SUMIFS($K$34:$K$135,$A$34:$A$135,$A100,$B$34:$B$135,$B100,$C$34:$C$135,$C100,$D$34:$D$135,$D100)) -> 0.031834571 | M100: =Tabelle1!$I$23 -> 7.7 | N100: Aviation-bio: feedstock-specific gasification benchmark (Tabelle1 sector row)
A101: EU | B101: 11a | C101: FT-SPK | D101: Aviation-bio | E101: 107 | F101: Sewage sludge | G101: =IF(ISNUMBER('Availabilities EU Austria'!$AE$107),'Availabilities EU Austria'!$AE$107,IF(ISNUMBER('Availabilities EU Austria'!$AE$104),'Availabilities EU Austria'!$AE$104,1)) -> 0.125 | H101: =IF(ISNUMBER('Availabilities EU Austria'!$N$107),'Availabilities EU Austria'!$N$107,0)*$G101 -> 1.1021452 | I101: =IF(ISNUMBER('Availabilities EU Austria'!$Q$107),'Availabilities EU Austria'!$Q$107,0)*$G101 -> 1.2318093 | J101: =IF(ISNUMBER('Availabilities EU Austria'!$X$107),'Availabilities EU Austria'!$X$107,0)*$G101 -> 1.1450913 | K101: =SUM(H101:J101) -> 3.4790458 | L101: =IF(SUMIFS($K$34:$K$135,$A$34:$A$135,$A101,$B$34:$B$135,$B101,$C$34:$C$135,$C101,$D$34:$D$135,$D101)=0,1/COUNTIFS($A$34:$A$135,$A101,$B$34:$B$135,$B101,$C$34:$C$135,$C101,$D$34:$D$135,$D101),K101/SUMIFS($K$34:$K$135,$A$34:$A$135,$A101,$B$34:$B$135,$B101,$C$34:$C$135,$C101,$D$34:$D$135,$D101)) -> 0.040654027 | M101: =Tabelle1!$I$23 -> 7.7 | N101: Aviation-bio: feedstock-specific gasification benchmark (Tabelle1 sector row)
A102: EU | B102: 11a | C102: FT-SPK | D102: Aviation-bio | E102: 108 | F102: Agroprocessing residues - maize cobs | G102: =IF(ISNUMBER('Availabilities EU Austria'!$AE$108),'Availabilities EU Austria'!$AE$108,IF(ISNUMBER('Availabilities EU Austria'!$AE$104),'Availabilities EU Austria'!$AE$104,1)) -> 0.1 | H102: =IF(ISNUMBER('Availabilities EU Austria'!$N$108),'Availabilities EU Austria'!$N$108,0)*$G102 -> 0.34535389 | I102: =IF(ISNUMBER('Availabilities EU Austria'!$Q$108),'Availabilities EU Austria'!$Q$108,0)*$G102 -> 0.51803083 | J102: =IF(ISNUMBER('Availabilities EU Austria'!$X$108),'Availabilities EU Austria'!$X$108,0)*$G102 -> 0.44480556 | K102: =SUM(H102:J102) -> 1.3081903 | L102: =IF(SUMIFS($K$34:$K$135,$A$34:$A$135,$A102,$B$34:$B$135,$B102,$C$34:$C$135,$C102,$D$34:$D$135,$D102)=0,1/COUNTIFS($A$34:$A$135,$A102,$B$34:$B$135,$B102,$C$34:$C$135,$C102,$D$34:$D$135,$D102),K102/SUMIFS($K$34:$K$135,$A$34:$A$135,$A102,$B$34:$B$135,$B102,$C$34:$C$135,$C102,$D$34:$D$135,$D102)) -> 0.015286721 | M102: =Tabelle1!$I$23 -> 7.7 | N102: Aviation-bio: feedstock-specific gasification benchmark (Tabelle1 sector row)
A103: EU | B103: 11a | C103: FT-SPK | D103: Aviation-bio | E103: 109 | F103: Lignocrops abandoned degraded | G103: =IF(ISNUMBER('Availabilities EU Austria'!$AE$109),'Availabilities EU Austria'!$AE$109,IF(ISNUMBER('Availabilities EU Austria'!$AE$104),'Availabilities EU Austria'!$AE$104,1)) -> 0.071428571 | H103: =IF(ISNUMBER('Availabilities EU Austria'!$N$109),'Availabilities EU Austria'!$N$109,0)*$G103 -> 0.36593475 | I103: =IF(ISNUMBER('Availabilities EU Austria'!$Q$109),'Availabilities EU Austria'!$Q$109,0)*$G103 -> 0.6241547 | J103: =IF(ISNUMBER('Availabilities EU Austria'!$X$109),'Availabilities EU Austria'!$X$109,0)*$G103 -> 5.102172 | K103: =SUM(H103:J103) -> 6.0922615 | L103: =IF(SUMIFS($K$34:$K$135,$A$34:$A$135,$A103,$B$34:$B$135,$B103,$C$34:$C$135,$C103,$D$34:$D$135,$D103)=0,1/COUNTIFS($A$34:$A$135,$A103,$B$34:$B$135,$B103,$C$34:$C$135,$C103,$D$34:$D$135,$D103),K103/SUMIFS($K$34:$K$135,$A$34:$A$135,$A103,$B$34:$B$135,$B103,$C$34:$C$135,$C103,$D$34:$D$135,$D103)) -> 0.071190486 | M103: =Tabelle1!$I$24 -> 12.2 | N103: Aviation-bio: feedstock-specific gasification benchmark (Tabelle1 sector row)
...

Sheet Availabilities EU Austria
G1: Demoplants Database | I1: Tender 1, Task 2 | N1: Tender 1, Task 2 | O1: Tender 1, Task 2 | P1: Tender 1, Task 2 | S1: Tender 1, Task 2 | T1: Tender 1, Task 2 | U1: Tender 1, Task 2 | V1: Tender 1, Task 2 | X1: Tender 1, Task 2 | AG1: calculation: 2030 Medium I 2040 2050 High | AO1: calculation: 2030 Medium I 2040 2050 High | AP1: 3 | AQ1: Tender 1, Task 1 | AR1: Tender 1, Task 1 | AS1: calculation | AT1: calculation | AU1: calculation | AV1: qualitative assessment | AW1: qualitative assessment | AX1: qualitative assessment | AY1: qualitative assessment | AZ1: qualitative assessment | BA1: qualitative assessment | BB1: literature | BC1: assessment | BD1: Tender 1 (Task 3) | BE1: Tender 1 (Task 3) | BF1: Tender 1 (Task 3)
A3: EU-27
I4: 2030 | N4: 2030 medium | O4: 2030 | P4: 2040 | Q4: 2030 high | R4: 2035 | S4: 2040 | T4: 2040 | U4: 2050 | V4: 2050 | W4: 2045 | X4: 2050 high | Y4: Conversion factors | AB4: Mt/y | AE4: feedstocks shared over pathways | AP4: 2025-2030 | AQ4: 2030-2040 | AR4: 2040-2050 | AS4: feedstocks shared over pathways | AT4: feedstocks shared over pathways | AU4: feedstocks shared over pathways | AV4: 2025-2030 | AW4: 2030-2040 | AX4: 2040-2050 | AY4: 2025-2030 | AZ4: 2030-2040 | BA4: 2040-2050 | BB4: JEC/Tender 1 | BC4: assessment | BD4: Tender 1 (Task 3) | BE4: Tender 1 (Task 3) | BF4: Tender 1 (Task 3)
A5: Nr. | B5: Value Chain | C5: Fuel | D5: Exiobase mapping | E5: Substitutes what | F5: Sector | G5: TRL | H5: CRL | I5: Feedstock availability and mobilization | J5: Relevant from year | K5: Feedstock | L5: DI codes | M5: Exiobase mapping | N5: Feedstock availability | O5: Feedstock availability and mobilization | P5: Feedstock availability and mobilization | Q5: Feedstock availability | S5: Feedstock availability and mobilization | T5: Feedstock availability and mobilization | U5: Feedstock availability and mobilization | V5: Feedstock availability and mobilization | X5: Feedstock availability | Y5: product yield [t product / t feedstock] | Z5: toe/t | AA5: combined factor = yield [toe product / t feedstock] | AB5: how much feedstock actually available for this IVC | AE5: Feedst share 2030 | AF5: Feedst share 2040/ 2050 | AG5: Potential quantity | AH5: Potential quantity | AI5: Potential quantity energy | AJ5: Potential quantity energy | AK5: Potential quantity | AL5: Potential quantity | AN5: Potential quantity | AO5: Potential quantity | AP5: Market demand | AQ5: Market demand | AR5: Market demand | AS5: Contribution to market demand | AT5: Contribution to market demand | AU5: Contribution to market demand | AV5: Market demand | AW5: Market demand | AX5: Market demand | AY5: Infrastrucuture availability | AZ5: Infrastrucuture availability | BA5: Infrastrucuture availability | BB5: GHG reduction | BC5: Fossil comparator | BD5: Production capacity | BE5: Production capacity | BF5: Production capacity | BG5: Potential quantity
G6: 1-9 | H6: 1-6 | I6: Low [Mt/y] | N6: [Mt/y] | O6: High [Mt/y] | P6: Low [Mt/y] | Q6: [Mt/y] | R6: Linearly caluclated | S6: Medium [Mt/y] | T6: High [Mt/y] | U6: Low [Mt/y] | V6: Medium [Mt/y] | W6: Linearly calculated | X6: [Mt/y] | AG6: Medium 2030 [Mtoe/y] | AH6: Medium 2030 [GWh] | AI6: High 2030 [Mtoe/y] | AJ6: High 2030 [GWh] | AK6: 2035 (with 2030 medium and 2050 high) | AL6: 2035 (with both 2030 and 2050 high) | AM6: 2040 (with 2030 medium and 2050 high) | AN6: 2040 (with both 2030 and 2050 high) | AO6: High 2050 [Mtoe/y] | AP6: 2030 [Mtoe/y] | AQ6: 2040 [Mtoe/y] | AR6: 2050 [Mtoe/y] | AS6: 2030 [%] | AT6: 2040 [%] | AU6: 2050 [%] | AV6: 2030 | AW6: 2040 | AX6: 2050 | AY6: 2030 | AZ6: 2040 | BA6: 2050 | BB6: % | BD6: 2030 [Mtoe/y] | BE6: 2040 [Mtoe/y] | BF6: 2050 [Mtoe/y] | BG6: High 2050 [GWh]
A7: 1 | B7: Transesterification | C7: FAME | D7: Biodiesels | E7: diesel | F7: Road-bio | G7: 9 | H7: 6 | I7: 2.539944 | J7: both | K7: All | O7: =SUM(O8:O8) -> 0 | P7: =SUM(P8:P8) -> 0 | R7: =SUM(R8:R8) -> 0 | S7: =SUM(S8:S8) -> 0 | T7: =SUM(T8:T8) -> 0 | U7: =SUM(U8:U8) -> 0 | V7: =SUM(V8:V8) -> 0 | W7: =SUM(W8:W8) -> 0 | AG7: 0 | AH7: 0 | AI7: 0 | AJ7: 0 | AK7: 0 | AL7: 0 | AM7: 0 | AN7: 0 | AO7: 0 | AP7: =SUM(AP8:AP9) -> 0 | AQ7: =SUM(AQ8:AQ9) -> 0 | AR7: =SUM(AR8:AR9) -> 0 | AS7: =SUM(AS8:AS9) -> 0 | AT7: =SUM(AT8:AT9) -> 0 | AU7: =SUM(AU8:AU9) -> 0 | AV7: =SUM(AV8:AV9) -> 0 | AW7: =SUM(AW8:AW9) -> 0 | ... BF7: =SUM(BF8:BF9) -> 0 | BG7: 0
K8: Oil crops abandoned, degraded, intercropping | L8: 2102; 2105; 2108 | M8: Oil seeds | N8: =SUM('EU-27_Medium_2030'!F32+'EU-27_Medium_2030'!I32+'EU-27_Medium_2030'!L32)/1000000 -> 0.49572711 | Q8: =SUM('EU-27_High_2030-2050'!F33+'EU-27_High_2030-2050'!I33+'EU-27_High_2030-2050'!L33)/1000000 -> 1.1703177 | X8: =SUM('EU-27_High_2030-2050'!BA33+'EU-27_High_2030-2050'!BD33+'EU-27_High_2030-2050'!BG33)/1000000 -> 4.0986605 | AA8: ='Conversion factors selected IV '!L$4 -> 0.87842744 | AE8: =1/'IVCs relevant in 2030'!R$3 -> 1 | AF8: =1/'IVCs relevant 2040-2050'!T$3 -> 0.5 | AG8: =N8*AA8*AE8 -> 0.4354603 | AH8: =AG8*11630 -> 5064.4033 | AI8: =Q8*AA8*AE8 -> 1.0280392 | AJ8: =AI8*11630 -> 11956.096 | AK8: =AG8+0.25*(AO8-AG8) -> 0.77664221 | AL8: =AI8+0.25*(AO8-AI8) -> 1.2210764 | AM8: =AG8+0.5*(AO8-AG8) -> 1.1178241 | AN8: =AI8+0.5*(AO8-AI8) -> 1.4141136 | AO8: =X8*AA8*AF8 -> 1.8001879
K9: UCO, brown grease, animal fat | L9: 5106, 5107, 4216 | M9: products of Vegetable oils and fats | N9: =SUM('EU-27_Medium_2030'!AM32+'EU-27_Medium_2030'!AQ32+'EU-27_Medium_2030'!AR32)/1000000 -> 3.4836721 | Q9: =SUM('EU-27_High_2030-2050'!AM33+'EU-27_High_2030-2050'!AQ33+'EU-27_High_2030-2050'!AR33)/1000000 -> 6.0425235 | X9: =SUM('EU-27_High_2030-2050'!CH33+'EU-27_High_2030-2050'!CL33+'EU-27_High_2030-2050'!CM33)/1000000 -> 9.6013732 | AA9: ='Conversion factors selected IV '!L$5 -> 0.84818931 | AE9: =1/'IVCs relevant in 2030'!R$14 -> 0.5 | AF9: =1/'IVCs relevant 2040-2050'!T$14 -> 0.5 | AG9: =N9*AA9*AE9 -> 1.4774067 | AH9: =AG9*11630 -> 17182.24 | AI9: =Q9*AA9*AE9 -> 2.5626019 | AJ9: =AI9*11630 -> 29803.061 | AK9: =AG9+0.25*(AO9-AG9) -> 2.1260278 | AL9: =AI9+0.25*(AO9-AI9) -> 2.9399242 | AM9: =AG9+0.5*(AO9-AG9) -> 2.7746489 | AN9: =AI9+0.5*(AO9-AI9) -> 3.3172465 | AO9: =X9*AA9*AF9 -> 4.071891 | BG9: =AO9*11630 -> 47356.093
A10: 2 | B10: Hydrotreatment of Lipids | C10: HVO | D10: Biodiesels | E10: diesel | F10: Road-bio | J10: both | K10: All | N10: =N13+N14+N15 -> 6.3480429 | O10: =O13+O14+O15 -> #REF! | P10: =P13+P14+P15 -> #REF! | Q10: =Q13+Q14+Q15 -> 8.9686926 | R10: =R13+R14+R15 -> #REF! | S10: =S13+S14+S15 -> #REF! | T10: =T13+T14+T15 -> #REF! | U10: =U13+U14+U15 -> #REF! | ... Z10: =Z13+Z14+Z15 -> 0 | AB10: =AB13+AB14+AB15 -> 1.2285054 | AC10: =AC13+AC14+AC15 -> 1.7060866 | AD10: =AD13+AD14+AD15 -> 0.8215308 | AG10: =AG13+AG14+AG15 -> 0.29631778 | AH10: =AH13+AH14+AH15 -> 3446.1757 | AI10: =AI13+AI14+AI15 -> 0.47120494 | AJ10: =AJ13+AJ14+AJ15 -> 5480.1135 | AK10: =SUM(AK13+AK14+AK15) -> 0.27254062 | AL10: =SUM(AL13+AL14+AL15) -> 0.40370599 | AM10: =SUM(AM13+AM14+AM15) -> 0.24876346 | AN10: =SUM(AN13+AN14+AN15) -> 0.33620704 | AO10: =SUM(AO13+AO14+AO15) -> 0.20120914 | AP10: =SUM(AP11:AP14) -> 22.442503 | AQ10: =SUM(AQ11:AQ14) -> 24.314192 | AR10: =SUM(AR11:AR14) -> 6.7786885 | AS10: =SUM(AS11:AS14) -> 0.013203419 | AT10: =SUM(AT11:AT14) -> #REF! | AU10: =SUM(AU11:AU14) -> 0.01345535 | AV10: =SUM(AV11:AV14) -> 0 | AW10: =SUM(AW11:AW14) -> 0 | ... BG10: =SUM(BG11:BG14) -> 5102.622
G11: 9 | H11: 5 | I11: 2.539944 | K11: Oil crops abandoned, degraded, intercropping | L11: 2102, 2105, 2108, | M11: Oil seeds | N11: =SUM('EU-27_Medium_2030'!F$32+'EU-27_Medium_2030'!I$32+'EU-27_Medium_2030'!L$32)/1000000 -> 0.49572711 | O11: 9.588655 | P11: 5.8623151 | Q11: =SUM('EU-27_High_2030-2050'!F$33+'EU-27_High_2030-2050'!I$33+'EU-27_High_2030-2050'!L$33)/1000000 -> 1.1703177 | R11: =SUM(N11+((T11-N11)/2)) -> 18.276714 | S11: 9.6998669 | T11: 36.057701 | U11: 9.1846863 | V11: 14.276351 | W11: =SUM(T16+((X16-T16)/2)) -> 27.538797 | X11: =SUM('EU-27_High_2030-2050'!BA$33+'EU-27_High_2030-2050'!BD$33+'EU-27_High_2030-2050'!BG$33)/1000000 -> 4.0986605 | AA11: ='Conversion factors selected IV '!L$7 -> 0.4450704 | AB11: =N11*AE11 -> 0.24786356 | AC11: =Q11*AE11 -> 0.58515887 | AD11: =X11*AF11 -> 0.20493303 | AE11: =1/'IVCs relevant in 2030'!R$3/2 -> 0.5 | AF11: =1/'IVCs relevant 2040-2050'!T$3*0.1 -> 0.05 | AG11: =N11*AA11*AE11 -> 0.11031673 | AH11: =AG11*11630 -> 1282.9836 | AI11: =Q11*AA11*AE11 -> 0.26043689 | AJ11: =AI11*11630 -> 3028.881 | AK11: =AG11+0.25*(AO11-AG11) -> 0.10553995 | AL11: =AI11+0.25*(AO11-AI11) -> 0.21813007 | AM11: =AG11+0.5*(AO11-AG11) -> 0.10076318 | AN11: =AI11+0.5*(AO11-AI11) -> 0.17582326 | AO11: =X11*AA11*AF11 -> 0.091209624 | AP11: 22.442503 | AQ11: 24.314192 | AR11: 6.7786885 | AS11: =AG10/AP11 -> 0.013203419 | AT11: =#REF!/AQ11 -> #REF! | AU11: =AO11/AR11 -> 0.01345535 | AV11: Increasing | AW11: Stable | AX11: Rather low | AY11: Yes | AZ11: Yes | BA11: Yes | BB11: 0.86 | BC11: Diesel | BD11: 6.5 | BE11: 11.6 | BF11: 13.3 | BG11: =AO11*11630 -> 1060.7679
K12: UCO, brown grease, animal fat | L12: 5106, 5107, 4216 | M12: products of Vegetable oils and fats | N12: =SUM('EU-27_Medium_2030'!AM$32+'EU-27_Medium_2030'!AQ$32+'EU-27_Medium_2030'!AR$32)/1000000 -> 3.4836721 | Q12: =SUM('EU-27_High_2030-2050'!AM$33+'EU-27_High_2030-2050'!AQ$33+'EU-27_High_2030-2050'!AR$33)/1000000 -> 6.0425235 | X12: =SUM('EU-27_High_2030-2050'!CH$33+'EU-27_High_2030-2050'!CL$33+'EU-27_High_2030-2050'!CM$33)/1000000 -> 9.6013732 | AA12: ='Conversion factors selected IV '!L$8 -> 0.45908042 | AB12: =N12*AE12 -> 0.87091801 | AC12: =Q12*AE12 -> 1.5106309 | AD12: =X12*AF12 -> 0.48006866 | AE12: =1/'IVCs relevant in 2030'!R$14/2 -> 0.25 | AF12: =1/'IVCs relevant 2040-2050'!T$14*0.1 -> 0.05 | AG12: =N12*AA12*AE12 -> 0.39982141 | AH12: =AG12*11630 -> 4649.923 | AI12: =Q12*AA12*AE12 -> 0.69350107 | AJ12: =AI12*11630 -> 8065.4174 | AK12: =AG12+0.25*(AO12-AG12) -> 0.35496359 | AL12: =AI12+0.25*(AO12-AI12) -> 0.57522333 | AM12: =AG12+0.5*(AO12-AG12) -> 0.31010577 | AN12: =AI12+0.5*(AO12-AI12) -> 0.4569456 | AO12: =X12*AA12*AF12 -> 0.22039012 | BG12: =AO12*11630 -> 2563.1371
K13: Tall oil | L13: 413201 | N13: 0.4 | Q13: 0.8 | X13: 1.4 | AA13: 0.65 | AB13: =N13*AE13 -> 0.2 | AC13: =Q13*AE13 -> 0.4 | AD13: =X13*AF13 -> 0.14 | AE13: =1/'IVCs relevant in 2030'!R$15/2 -> 0.5 | AF13: =1/'IVCs relevant 2040-2050'!T$15*0.1 -> 0.1 | AG13: =N13*AA13*AE13 -> 0.13 | AH13: =AG13*11630 -> 1511.9 | AI13: =Q13*AA13*AE13 -> 0.26 | AJ13: =AI13*11630 -> 3023.8 | AK13: =AG13+0.25*(AO13-AG13) -> 0.12025 | AL13: =AI13+0.25*(AO13-AI13) -> 0.21775 | AM13: =AG13+0.5*(AO13-AG13) -> 0.1105 | AN13: =AI13+0.5*(AO13-AI13) -> 0.1755 | AO13: =X13*AA13*AF13 -> 0.091 | BG13: =AO13*11630 -> 1058.33
K14: FPBO (Intermediate bioenergy carrier) | N14: =AG119 -> 5.1880429 | Q14: =AI119 -> 7.4086926 | X14: =AO119 -> 8.9412321 | AA14: ='Conversion factors selected IV '!L10 -> 0.16170823 | AB14: =N14*AE14 -> 0.64850536 | AC14: =Q14*AE14 -> 0.92608658 | AD14: =X14*AF14 -> 0.2235308 | AE14: =1/'IVCs relevant in 2030'!R22/2 -> 0.125 | AF14: =1/'IVCs relevant 2040-2050'!T22*0.1 -> 0.025 | AG14: =N14*AA14*AE14 -> 0.10486865 | AH14: =AG14*11630 -> 1219.6224 | AI14: =Q14*AA14*AE14 -> 0.14975582 | AJ14: =AI14*11630 -> 1741.6602 | AK14: =AG14+0.25*(AO14-AG14) -> 0.08768818 | AL14: =AI14+0.25*(AO14-AI14) -> 0.12135356 | AM14: =AG14+0.5*(AO14-AG14) -> 0.07050771 | AN14: =AI14+0.5*(AO14-AI14) -> 0.092951294 | AO14: =X14*AA14*AF14 -> 0.036146769 | BG14: =AO14*11630 -> 420.38693
K15: biocrude (Intermediate Bioenergy carrier) | N15: 0.76 | O15: =#REF!-O79 -> #REF! | P15: =#REF!-P79 -> #REF! | Q15: 0.76 | R15: =#REF!-R79 -> #REF! | S15: =#REF!-S79 -> #REF! | T15: =#REF!-T79 -> #REF! | U15: =#REF!-U79 -> #REF! | V15: =#REF!-V79 -> #REF! | W15: =#REF!-W79 -> #REF! | X15: 4.58 | AA15: ='Conversion factors selected IV '!L10 -> 0.16170823 | AB15: =N15*AE15 -> 0.38 | AC15: =Q15*AE15 -> 0.38 | AD15: =X15*AF15 -> 0.458 | AE15: =1/'IVCs relevant in 2030'!R21/2 -> 0.5 | AF15: =1/'IVCs relevant 2040-2050'!T21*0.1 -> 0.1 | AG15: =N15*AA15*AE15 -> 0.061449126 | AH15: =AG15*11630 -> 714.65333 | AI15: =Q15*AA15*AE15 -> 0.061449126 | AJ15: =AI15*11630 -> 714.65333 | AK15: =AG15+0.25*(AO15-AG15) -> 0.064602436 | AL15: =AI15+0.25*(AO15-AI15) -> 0.064602436 | AM15: =AG15+0.5*(AO15-AG15) -> 0.067755747 | AN15: =AI15+0.5*(AO15-AI15) -> 0.067755747 | AO15: =X15*AA15*AF15 -> 0.074062367 | BG15: =AO15*11630 -> 861.34533
A16: 2 | B16: Hydrotreatment of Lipids | C16: HEFA | D16: Biokerosene | E16: Kerosene | F16: Aviation-bio | G16: 9 | H16: 5 | I16: 2.539944 | J16: both | K16: All | N16: =N21+N23+N24+N25 -> 6.84377 | O16: =O21+O23+O24+O25 -> 9.588655 | P16: =P21+P23+P24+P25 -> 5.8623151 | Q16: =Q21+Q23+Q24+Q25 -> 10.13901 | R16: =R21+R23+R24+R25 -> 18.276714 | S16: =S21+S23+S24+S25 -> 9.6998669 | T16: =T21+T23+T24+T25 -> 36.057701 | U16: =U21+U23+U24+U25 -> 9.1846863 | ... Z16: =Z21+Z23+Z24+Z25 -> 0 | AB16: =AB21+AB23+AB24+AB25 -> 1.7242325 | AC16: =AC21+AC23+AC24+AC25 -> 2.8764043 | AD16: =AD21+AD23+AD24+AD25 -> 9.2381745 | AG16: =AG21+AG23+AG24+AG25 -> 0.51317129 | AH16: =AH21+AH23+AH24+AH25 -> 5968.1821 | AI16: =AI21+AI23+AI24+AI25 -> 0.98727861 | AJ16: =AJ21+AJ23+AJ24+AJ25 -> 11482.05 | AK16: =SUM(AK21+AK23+AK24+AK25) -> 1.037185 | AL16: =SUM(AL21+AL23+AL24+AL25) -> 1.3927655 | AM16: =SUM(AM21+AM23+AM24+AM25) -> 1.5611987 | AN16: =SUM(AN21+AN23+AN24+AN25) -> 1.7982523 | AO16: =SUM(AO21:AO25)-AO22 -> 2.6092261 | AP16: =SUM(AP21:AP25) -> 0 | AQ16: =SUM(AQ21:AQ25) -> 0 | AR16: =SUM(AR21:AR25) -> 0 | AS16: =SUM(AS21:AS25) -> 0 | AT16: =SUM(AT21:AT25) -> 0 | AU16: =SUM(AU21:AU25) -> 0 | AV16: =SUM(AV21:AV25) -> 0 | AW16: =SUM(AW21:AW25) -> 0 | ... BG16: =SUM(BG21:BG25) -> 53413.533
A17: 3 | B17: Lignin Boost of Fatty Acids and Co-processing in Refinery | C17: Renewable diesel | F17: Road-bio | G17: 6 | H17: 1 | I17: 2.3407421 | K17: Intermediate Bioenergy carriers (biocrude, FPBO) | N17: 4.4540042 | O17: 7.9601442 | T17: 10.5 | X17: 10.5 | AA17: 2.1018439 | AB17: =N17*AE17 -> 4.4540042 | AC17: =Q17*AE17 -> 0 | AE17: 1 | AG17: =N17*AA17*AE17 -> 9.3616216 | AK17: =AG17+0.25*(AO17-AG17) -> 12.538556 | AL17: =AI17+0.24*(AO17-AI17) -> 5.2966466 | AM17: =AG17+0.5*(AO17-AG17) -> 15.715491 | AN17: =AI17+0.5*(AO17-AI17) -> 11.03468 | AO17: =X17*AA17*AE17 -> 22.069361 | AP17: 22.442503 | AQ17: 24.314192 | AR17: 6.7786885 | AS17: =AG17/AP17 -> 0.41713803 | AT17: =#REF!/AQ17 -> #REF! | AU17: =AO17/AR17 -> 3.2556977 | AV17: Increasing | AW17: Stable | AX17: Rather low | AY17: Yes | AZ17: Yes | BA17: Yes | BB17: 0.84 | BC17: Diesel | BD17: 2.3 | BE17: 9.35 | BF17: 11.7
A18: 4 | B18: Sugar and Starch Fermentation to Ethanol | C18: Ethanol | F18: Road-bio 2030 | G18: 9 | H18: 6 | I18: 1.04 | N18: 1.24 | O18: 2.24 | P18: 1.13 | S18: 1.365 | T18: 3.17 | U18: 1.22 | V18: 1.49 | X18: 4.1 | AA18: 0.11725162 | AB18: =N18*AE18 -> 1.24 | AC18: =Q18*AE18 -> 0 | AE18: =1 -> 1 | AG18: =N18*AA18*AE18 -> 0.14539201 | AK18: =AG18+0.25*(AO18-AG18) -> 0.10904401 | AL18: =AI18+0.24*(AO18-AI18) -> 0 | AM18: =AG18+0.5*(AO18-AG18) -> 0.072696006 | AN18: =AI18+0.5*(AO18-AI18) -> 0 | AP18: 22.442503 | AS18: =AG18/AP18 -> 0.0064784222 | AV18: Increasing | AW18: Stable | AX18: Decreasing | AY18: Yes | AZ18: Yes | BA18: Yes | BB18: 0.69 | BC18: Gasoline | BD18: n.a. | BE18: n.a. | BF18: n.a.
A19: 4 | B19: Sugar and Starch Fermentation to Ethanol | C19: ATJ-SPK | F19: Aviation-bio 2040/2050 | G19: 9 | H19: 6 | I19: 1.04 | N19: 1.24 | O19: 2.24 | P19: 1.13 | S19: 1.365 | T19: 3.17 | U19: 1.22 | V19: 1.49 | X19: 4.1 | AA19: 0.070350973 | AB19: =N19*AE19 -> 1.24 | AC19: =Q19*AE19 -> 0 | AE19: 1 | AK19: =AG19+0.25*(AO19-AG19) -> 0.072109748 | AL19: =AI19+0.24*(AO19-AI19) -> 0.069225358 | AM19: =AG19+0.5*(AO19-AG19) -> 0.1442195 | AN19: =AI19+0.5*(AO19-AI19) -> 0.1442195 | AO19: =X19*AA19*AE19 -> 0.28843899 | AQ19: 10.505917 | AR19: 15.887545 | AT19: =#REF!/AQ19 -> #REF! | AU19: =AO19/AR19 -> 0.018155038 | AV19: Increasing | AW19: Increasing | AX19: Increasing | AY19: Medium | AZ19: Yes | BA19: Yes | BC19: n.a. | BD19: n.a. | BE19: n.a. | BF19: n.a.
A20: 5 | B20: Fermentation of Lignocellulosic Materials to Ethanol | C20: Advanced ethanol | F20: Road-bio 2030 | G20: 8 | H20: 2 | I20: 95.269033 | N20: 199.31591 | O20: 336.33378 | P20: 96.269746 | S20: 208.04799 | T20: 367.53185 | U20: 97.270459 | V20: 216.78007 | X20: 398.72993 | AA20: 0.11736887 | AB20: =N20*AE20 -> 66.438636 | AC20: =Q20*AE20 -> 0 | AE20: =1/3 -> 0.33333333 | AG20: =N20*AA20*AE20 -> 7.7978279 | AK20: =AG20+0.25*(AO20-AG20) -> 5.8483709 | AL20: =AI20+0.24*(AO20-AI20) -> 0 | AM20: =AG20+0.5*(AO20-AG20) -> 3.898914 | AN20: =AI20+0.5*(AO20-AI20) -> 0 | AP20: 22.442503 | AS20: =AG20/AP20 -> 0.34745803 | AV20: Increasing | AW20: Stable | AX20: Decreasing | AY20: Yes | AZ20: Yes | BA20: Yes | BB20: 0.77 | BC20: Gasoline | BD20: 5 | BE20: 27.275 | BF20: 34.7
K21: Oil crops abandoned, degraded, intercropping | L21: 2102, 2105, 2108, | M21: Oil seeds | N21: =SUM('EU-27_Medium_2030'!F$32+'EU-27_Medium_2030'!I$32+'EU-27_Medium_2030'!L$32)/1000000 -> 0.49572711 | O21: 9.588655 | P21: 5.8623151 | Q21: =SUM('EU-27_High_2030-2050'!F$33+'EU-27_High_2030-2050'!I$33+'EU-27_High_2030-2050'!L$33)/1000000 -> 1.1703177 | R21: =SUM(N21+((T21-N21)/2)) -> 18.276714 | S21: 9.6998669 | T21: 36.057701 | U21: 9.1846863 | V21: 14.276351 | W21: =SUM(#REF!+((#REF!-#REF!)/2)) -> #REF! | X21: =SUM('EU-27_High_2030-2050'!BA$33+'EU-27_High_2030-2050'!BD$33+'EU-27_High_2030-2050'!BG$33)/1000000 -> 4.0986605 | AA21: ='Conversion factors selected IV '!L$7 -> 0.4450704 | AB21: =N21*AE21 -> 0.49572711 | AC21: =Q21*AE21 -> 1.1703177 | AD21: =X21*AF21 -> 1.8443972 | AE21: =1/'IVCs relevant in 2030'!R$3 -> 1 | AF21: =1/'IVCs relevant 2040-2050'!T$3*0.9 -> 0.45 | AG21: =N21*AA21*AE21 -> 0.22063346 | AH21: =AG21*11630 -> 2565.9672 | AI21: =Q21*AA21*AE21 -> 0.52087378 | AJ21: =AI21*11630 -> 6057.7621 | AK21: =AG21+0.25*(AO21-AG21) -> 0.37069675 | AL21: =AI21+0.25*(AO21-AI21) -> 0.59587699 | AM21: =AG21+0.5*(AO21-AG21) -> 0.52076004 | AN21: =AI21+0.5*(AO21-AI21) -> 0.6708802 | AO21: =X21*AA21*AF21 -> 0.82088661 | BG21: =AO21*11630 -> 9546.9113
K22: UCO, brown grease, animal fat | L22: 5106, 5107, 4216 | M22: products of Vegetable oils and fats | N22: =SUM('EU-27_Medium_2030'!AM$32+'EU-27_Medium_2030'!AQ$32+'EU-27_Medium_2030'!AR$32)/1000000 -> 3.4836721 | Q22: =SUM('EU-27_High_2030-2050'!AM$33+'EU-27_High_2030-2050'!AQ$33+'EU-27_High_2030-2050'!AR$33)/1000000 -> 6.0425235 | X22: =SUM('EU-27_High_2030-2050'!CH$33+'EU-27_High_2030-2050'!CL$33+'EU-27_High_2030-2050'!CM$33)/1000000 -> 9.6013732 | AA22: ='Conversion factors selected IV '!L$8 -> 0.45908042 | AB22: =N22*AE22 -> 0.87091801 | AC22: =Q22*AE22 -> 1.5106309 | AD22: =X22*AF22 -> 4.3206179 | AE22: =1/'IVCs relevant in 2030'!R$14/2 -> 0.25 | AF22: =1/'IVCs relevant 2040-2050'!T$14*0.9 -> 0.45 | AG22: =N22*AA22*AE22 -> 0.39982141 | AH22: =AG22*11630 -> 4649.923 | AI22: =Q22*AA22*AE22 -> 0.69350107 | AJ22: =AI22*11630 -> 8065.4174 | AK22: =AG22+0.25*(AO22-AG22) -> 0.79574384 | AL22: =AI22+0.25*(AO22-AI22) -> 1.0160036 | AM22: =AG22+0.5*(AO22-AG22) -> 1.1916663 | AN22: =AI22+0.5*(AO22-AI22) -> 1.3385061 | AO22: =X22*AA22*AF22 -> 1.9835111 | BG22: =AO22*11630 -> 23068.234
K23: Tall oil | L23: 413201 | N23: 0.4 | Q23: 0.8 | X23: 1.4 | AA23: 0.65 | AB23: =N23*AE23 -> 0.2 | AC23: =Q23*AE23 -> 0.4 | AD23: =X23*AF23 -> 1.26 | AE23: =1/'IVCs relevant in 2030'!R$15/2 -> 0.5 | AF23: =1/'IVCs relevant 2040-2050'!T$15*0.9 -> 0.9 | AG23: =N23*AA23*AE23 -> 0.13 | AH23: =AG23*11630 -> 1511.9 | AI23: =Q23*AA23*AE23 -> 0.26 | AJ23: =AI23*11630 -> 3023.8 | AK23: =AG23+0.25*(AO23-AG23) -> 0.30225 | AL23: =AI23+0.25*(AO23-AI23) -> 0.39975 | AM23: =AG23+0.5*(AO23-AG23) -> 0.4745 | AN23: =AI23+0.5*(AO23-AI23) -> 0.5395 | AO23: =X23*AA23*AF23 -> 0.819 | BG23: =AO23*11630 -> 9524.97
K24: FPBO (Intermediate bioenergy carrier) | N24: =AG119 -> 5.1880429 | Q24: =AI119 -> 7.4086926 | X24: =AO119 -> 8.9412321 | AA24: ='Conversion factors selected IV '!L15 -> 0.15803304 | AB24: =N24*AE24 -> 0.64850536 | AC24: =Q24*AE24 -> 0.92608658 | AD24: =X24*AF24 -> 2.0117772 | AE24: ='Availabilities EU Austria'!AE12/2 -> 0.125 | AF24: =1/'IVCs relevant 2040-2050'!T22*0.9 -> 0.225 | AG24: =N24*AA24*AE24 -> 0.10248527 | AH24: =AG24*11630 -> 1191.9037 | AI24: =Q24*AA24*AE24 -> 0.14635228 | AJ24: =AI24*11630 -> 1702.077 | AK24: =AG24+0.25*(AO24-AG24) -> 0.15634577 | AL24: =AI24+0.25*(AO24-AI24) -> 0.18924602 | AM24: =AG24+0.5*(AO24-AG24) -> 0.21020627 | AN24: =AI24+0.5*(AO24-AI24) -> 0.23213977 | AO24: =X24*AA24*AF24 -> 0.31792727 | BG24: =AO24*11630 -> 3697.4941
K25: Biocrude (Intermediate Bioenergy carrier) | N25: 0.76 | Q25: 0.76 | X25: 4.58 | AA25: ='Conversion factors selected IV '!L15 -> 0.15803304 | AB25: =N25*AE25 -> 0.38 | AC25: =Q25*AE25 -> 0.38 | AD25: =X25*AF25 -> 4.122 | AE25: =1/'IVCs relevant in 2030'!R21/2 -> 0.5 | AF25: =1/'IVCs relevant 2040-2050'!T21*0.9 -> 0.9 | AG25: =N25*AA25*AE25 -> 0.060052555 | AH25: =AG25*11630 -> 698.41121 | AI25: =Q25*AA25*AE25 -> 0.060052555 | AJ25: =AI25*11630 -> 698.41121 | AK25: =AG25+0.25*(AO25-AG25) -> 0.20789246 | AL25: =AI25+0.25*(AO25-AI25) -> 0.20789246 | AM25: =AG25+0.5*(AO25-AG25) -> 0.35573237 | AN25: =AI25+0.5*(AO25-AI25) -> 0.35573237 | AO25: =X25*AA25*AF25 -> 0.65141219 | BG25: =AO25*11630 -> 7575.9237
A26: 5 | B26: Fermentation of Lignocellulosic Materials to Ethanol | C26: Advanced ethanol | D26: Biogasoline | E26: Gasoline | F26: Road-bio | J26: 2030 | K26: All | N26: =SUM(N27:N30) -> 177.62992 | O26: =SUM(O27:O30) -> 0 | P26: =SUM(P27:P30) -> 0 | Q26: =SUM(Q27:Q30) -> 277.3243 | R26: =SUM(R27:R30) -> 0 | S26: =SUM(S27:S30) -> 0 | T26: =SUM(T27:T30) -> 0 | U26: =SUM(U27:U30) -> 0 | ... X26: =SUM(X27:X30) -> 351.549 | AB26: =SUM(AB27:AB30) -> 26.310985 | AC26: =SUM(AC27:AC30) -> 40.928169 | AD26: =SUM(AD27:AD30) -> 51.616756 | AG26: =SUM(AG27:AG30) -> 3.2977394 | AH26: =SUM(AH27:AH30) -> 38352.709 | AI26: =SUM(AI27:AI30) -> 5.0935109 | AJ26: =SUM(AJ27:AJ30) -> 59237.532 | AK26: =SUM(AK27:AK30) -> 4.0630762 | AL26: =SUM(AL27:AL30) -> 5.4099049 | AM26: =SUM(AM27:AM30) -> 4.828413 | AN26: =SUM(AN27:AN30) -> 5.7262988 | ... BG26: =SUM(BG27:BG30) -> 73956.177
K27: Straw | N27: =SUM('EU-27_Medium_2030'!N$32+'EU-27_Medium_2030'!O$32+'EU-27_Medium_2030'!P$32)/1000000 -> 130.89264 | Q27: =SUM('EU-27_High_2030-2050'!BI$33+'EU-27_High_2030-2050'!BJ$33+'EU-27_High_2030-2050'!BK$33)/1000000 -> 207.40944 | X27: =SUM('EU-27_High_2030-2050'!BI$33+'EU-27_High_2030-2050'!BJ$33+'EU-27_High_2030-2050'!BK$33)/1000000 -> 207.40944 | AA27: ='Conversion factors selected IV '!L17 -> 0.11640475 | AB27: =N27*AE27 -> 18.698948 | AC27: =Q27*AE27 -> 29.62992 | AD27: =X27*AF27 -> 29.62992 | AE27: =1/'IVCs relevant in 2030'!R$8 -> 0.14285714 | AF27: =1/'IVCs relevant 2040-2050'!T$8 -> 0.14285714 | AG27: =N27*AA27*AE27 -> 2.1766463 | AH27: =AG27*11630 -> 25314.396 | AI27: =Q27*AA27*AE27 -> 3.4490633 | AJ27: =AI27*11630 -> 40112.607 | AK27: =AG27+0.25*(AO27-AG27) -> 2.4947506 | AL27: =AI27+0.25*(AO27-AI27) -> 3.4490633 | AM27: =AG27+0.5*(AO27-AG27) -> 2.8128548 | AN27: =AI27+0.5*(AO27-AI27) -> 3.4490633 | AO27: =X27*AA27*AF27 -> 3.4490633 | BG27: =AO27*11630 -> 40112.607
K28: Lignocrops abandoned degraded | N28: =SUM('EU-27_Medium_2030'!E$32+'EU-27_Medium_2030'!G$32+'EU-27_Medium_2030'!H$32+'EU-27_Medium_2030'!J$32)/1000000 -> 5.1230865 | Q28: =SUM('EU-27_High_2030-2050'!E$33+'EU-27_High_2030-2050'!G$33+'EU-27_High_2030-2050'!H$33+'EU-27_High_2030-2050'!J$33)/1000000 -> 8.7381657 | X28: =SUM('EU-27_High_2030-2050'!AZ$33+'EU-27_High_2030-2050'!BB$33+'EU-27_High_2030-2050'!BC$33+'EU-27_High_2030-2050'!BE$33)/1000000 -> 71.430409 | AA28: ='Conversion factors selected IV '!L18 -> 0.11640475 | AB28: =N28*AE28 -> 0.7318695 | AC28: =Q28*AE28 -> 1.2483094 | AD28: =X28*AF28 -> 10.204344 | AE28: =1/'IVCs relevant in 2030'!R$2 -> 0.14285714 | AF28: =1/'IVCs relevant 2040-2050'!T$2 -> 0.14285714 | AG28: =N28*AA28*AE28 -> 0.085193084 | AH28: =AG28*11630 -> 990.79556 | AI28: =Q28*AA28*AE28 -> 0.14530914 | AJ28: =AI28*11630 -> 1689.9453 | AK28: =AG28+0.25*(AO28-AG28) -> 0.36085333 | AL28: =AI28+0.25*(AO28-AI28) -> 0.40594038 | AM28: =AG28+0.5*(AO28-AG28) -> 0.63651358 | AN28: =AI28+0.5*(AO28-AI28) -> 0.66657161 | AO28: =X28*AA28*AF28 -> 1.1878341 | BG28: =AO28*11630 -> 13814.51
K29: Lignocrops inter & cover cropping | N29: =SUM('EU-27_Medium_2030'!K$32+'EU-27_Medium_2030'!M$32)/1000000 -> 2.3323785 | Q29: =SUM('EU-27_High_2030-2050'!K$33+'EU-27_High_2030-2050'!M$33)/1000000 -> 6.1393982 | X29: =SUM('EU-27_High_2030-2050'!BF$33+'EU-27_High_2030-2050'!BH$33)/1000000 -> 14.099412 | AA29: ='Conversion factors selected IV '!L19 -> 0.11640475 | AB29: =N29*AE29 -> 0.33319692 | AC29: =Q29*AE29 -> 0.87705688 | AD29: =X29*AF29 -> 2.0142017 | AE29: =1/'IVCs relevant in 2030'!R$4 -> 0.14285714 | AF29: =1/'IVCs relevant 2040-2050'!T$4 -> 0.14285714 | AG29: =N29*AA29*AE29 -> 0.038785703 | AH29: =AG29*11630 -> 451.07773 | AI29: =Q29*AA29*AE29 -> 0.10209358 | AJ29: =AI29*11630 -> 1187.3484 | AK29: =AG29+0.25*(AO29-AG29) -> 0.087704936 | AL29: =AI29+0.25*(AO29-AI29) -> 0.13518585 | AM29: =AG29+0.5*(AO29-AG29) -> 0.13662417 | AN29: =AI29+0.5*(AO29-AI29) -> 0.16827811 | AO29: =X29*AA29*AF29 -> 0.23446263 | BG29: =AO29*11630 -> 2726.8004
K30: Secondary forest residues | N30: =SUM('EU-27_Medium_2030'!U$32+'EU-27_Medium_2030'!V$32+'EU-27_Medium_2030'!W$32+'EU-27_Medium_2030'!X$32+'EU-27_Medium_2030'!Y$32+'EU-27_Medium_2030'!Z$32)/1000000 -> 39.281823 | Q30: =SUM('EU-27_High_2030-2050'!U$33+'EU-27_High_2030-2050'!V$33+'EU-27_High_2030-2050'!W$33+'EU-27_High_2030-2050'!X$33+'EU-27_High_2030-2050'!Y$33+'EU-27_High_2030-2050'!Z$33)/1000000 -> 55.037293 | X30: =SUM('EU-27_High_2030-2050'!BP$33+'EU-27_High_2030-2050'!BQ$33+'EU-27_High_2030-2050'!BR$33+'EU-27_High_2030-2050'!BS$33+'EU-27_High_2030-2050'!BT$33+'EU-27_High_2030-2050'!BU$33)/1000000 -> 58.609743 | AA30: ='Conversion factors selected IV '!L20 -> 0.15230163 | AB30: =N30*AE30 -> 6.5469705 | AC30: =Q30*AE30 -> 9.1728821 | AD30: =X30*AF30 -> 9.7682905 | AE30: =1/'IVCs relevant in 2030'!R$16 -> 0.16666667 | AF30: =1/'IVCs relevant 2040-2050'!T$16 -> 0.16666667 | AG30: =N30*AA30*AE30 -> 0.99711427 | AH30: =AG30*11630 -> 11596.439 | AI30: =Q30*AA30*AE30 -> 1.3970449 | AJ30: =AI30*11630 -> 16247.632 | AK30: =AG30+0.25*(AO30-AG30) -> 1.1197673 | AL30: =AI30+0.25*(AO30-AI30) -> 1.4197153 | AM30: =AG30+0.5*(AO30-AG30) -> 1.2424204 | AN30: =AI30+0.5*(AO30-AI30) -> 1.4423857 | AO30: =X30*AA30*AF30 -> 1.4877265 | BG30: =AO30*11630 -> 17302.26
A31: 5 | B31: Fermentation of Lignocellulosic Materials to Ethanol | C31: ATJ-SPK | D31: Biokerosene | E31: Kerosene | F31: Aviation-bio 2040/2050 | G31: 8 | H31: 2 | I31: 95.269033 | J31: 2040/ 2050 | K31: All | N31: =SUM(N32:N35) -> 177.62992 | O31: 336.33378 | P31: 96.269746 | Q31: =SUM(Q32:Q35) -> 277.3243 | R31: =SUM(N8+((T31-N31)/2)) -> 95.446692 | S31: 208.04799 | T31: 367.53185 | U31: 97.270459 | V31: 216.78007 | W31: =SUM(T31+((X31-T31)/2)) -> 359.54043 | X31: =SUM(X32:X35) -> 351.549 | AB31: =N31*AE31 -> 0 | AC31: =O31*AF31 -> 0 | AG31: =SUM(AG32:AG35) -> 0.48547926 | AH31: =SUM(AH32:AH35) -> 5646.1238 | AI31: =SUM(AI32:AI35) -> 0.74984517 | AJ31: =SUM(AJ32:AJ35) -> 8720.6994 | AK31: =SUM(AK32:AK35) -> 0.83218839 | AL31: =SUM(AL32:AL35) -> 1.0243157 | AM31: =SUM(AM32:AM35) -> 1.1788975 | AN31: =SUM(AN32:AN35) -> 1.3110805 | ... BG31: =SUM(BG32:BG35) -> 21775.032
K32: Straw | L32: 2201; 2202; 2203 | M32: Cereal grains nec OR crops nec | N32: =SUM('EU-27_Medium_2030'!N$32+'EU-27_Medium_2030'!O$32+'EU-27_Medium_2030'!P$32)/1000000 -> 130.89264 | Q32: =SUM('EU-27_High_2030-2050'!BI$33+'EU-27_High_2030-2050'!BJ$33+'EU-27_High_2030-2050'!BK$33)/1000000 -> 207.40944 | X32: =SUM('EU-27_High_2030-2050'!BI$33+'EU-27_High_2030-2050'!BJ$33+'EU-27_High_2030-2050'!BK$33)/1000000 -> 207.40944 | AA32: ='Conversion factors selected IV '!L$22 -> 0.03427323 | AB32: =N32*AE32 -> 9.349474 | AC32: =Q32*AE32 -> 14.81496 | AE32: =1/'IVCs relevant in 2030'!R$8/2 -> 0.071428571 | AF32: =1/'IVCs relevant 2040-2050'!T$8 -> 0.14285714 | AG32: =N32*AA32*AE32 -> 0.32043668 | AH32: =AG32*11630 -> 3726.6785 | AI32: =Q32*AA32*AE32 -> 0.50775654 | AJ32: =AI32*11630 -> 5905.2086 | AK32: =AG32+0.25*(AO32-AG32) -> 0.49420578 | AL32: =AI32+0.25*(AO32-AI32) -> 0.63469568 | AM32: =AG32+0.5*(AO32-AG32) -> 0.66797488 | AN32: =AI32+0.5*(AO32-AI32) -> 0.76163481 | AO32: =X32*AA32*AF32 -> 1.0155131 | BG32: =AO32*11630 -> 11810.417
K33: Lignocrops abandoned degraded | L33: 2101, 2103, 2104, 2106 | M33: Crops nec | N33: =SUM('EU-27_Medium_2030'!E$32+'EU-27_Medium_2030'!G$32+'EU-27_Medium_2030'!H$32+'EU-27_Medium_2030'!J$32)/1000000 -> 5.1230865 | Q33: =SUM('EU-27_High_2030-2050'!E$33+'EU-27_High_2030-2050'!G$33+'EU-27_High_2030-2050'!H$33+'EU-27_High_2030-2050'!J$33)/1000000 -> 8.7381657 | X33: =SUM('EU-27_High_2030-2050'!AZ$33+'EU-27_High_2030-2050'!BB$33+'EU-27_High_2030-2050'!BC$33+'EU-27_High_2030-2050'!BE$33)/1000000 -> 71.430409 | AA33: ='Conversion factors selected IV '!L$23 -> 0.03427323 | AB33: =N33*AE33 -> 0.36593475 | AC33: =Q33*AE33 -> 0.6241547 | AE33: =1/'IVCs relevant in 2030'!R$2/2 -> 0.071428571 | AF33: =1/'IVCs relevant 2040-2050'!T$2 -> 0.14285714 | AG33: =N33*AA33*AE33 -> 0.012541766 | AH33: =AG33*11630 -> 145.86074 | AI33: =Q33*AA33*AE33 -> 0.021391798 | AJ33: =AI33*11630 -> 248.78661 | AK33: =AG33+0.25*(AO33-AG33) -> 0.096840284 | AL33: =AI33+0.24*(AO33-AI33) -> 0.10019437 | AM33: =AG33+0.5*(AO33-AG33) -> 0.1811388 | AN33: =AI33+0.5*(AO33-AI33) -> 0.18556382 | AO33: =X33*AA33*AF33 -> 0.34973584 | BG33: =AO33*11630 -> 4067.4278
K34: Lignocrops inter & cover cropping | L34: 2107, 2109 | M34: Crops nec | N34: =SUM('EU-27_Medium_2030'!K$32+'EU-27_Medium_2030'!M$32)/1000000 -> 2.3323785 | Q34: =SUM('EU-27_High_2030-2050'!K$33+'EU-27_High_2030-2050'!M$33)/1000000 -> 6.1393982 | X34: =SUM('EU-27_High_2030-2050'!BF$33+'EU-27_High_2030-2050'!BH$33)/1000000 -> 14.099412 | AA34: ='Conversion factors selected IV '!L$24 -> 0.03427323 | AB34: =N34*AE34 -> 0.16659846 | AC34: =Q34*AE34 -> 0.43852844 | AE34: =1/'IVCs relevant in 2030'!R$4/2 -> 0.071428571 | AF34: =1/'IVCs relevant 2040-2050'!T$4 -> 0.14285714 | AG34: =N34*AA34*AE34 -> 0.0057098674 | AH34: =AG34*11630 -> 66.405758 | AI34: =Q34*AA34*AE34 -> 0.015029786 | AJ34: =AI34*11630 -> 174.79642 | AK34: =AG34+0.25*(AO34-AG34) -> 0.0215407 | AL34: =AI34+0.24*(AO34-AI34) -> 0.027990605 | AM34: =AG34+0.5*(AO34-AG34) -> 0.037371533 | AN34: =AI34+0.5*(AO34-AI34) -> 0.042031492 | AO34: =X34*AA34*AF34 -> 0.069033198 | BG34: =AO34*11630 -> 802.85609
K35: Secondary forest residues | L35: 4111; 4112; 4121; 4122; 4131; 4132 | M35: Products of forestry, logging and related services (02) | N35: =SUM('EU-27_Medium_2030'!U$32+'EU-27_Medium_2030'!V$32+'EU-27_Medium_2030'!W$32+'EU-27_Medium_2030'!X$32+'EU-27_Medium_2030'!Y$32+'EU-27_Medium_2030'!Z$32)/1000000 -> 39.281823 | Q35: =SUM('EU-27_High_2030-2050'!U$33+'EU-27_High_2030-2050'!V$33+'EU-27_High_2030-2050'!W$33+'EU-27_High_2030-2050'!X$33+'EU-27_High_2030-2050'!Y$33+'EU-27_High_2030-2050'!Z$33)/1000000 -> 55.037293 | X35: =SUM('EU-27_High_2030-2050'!BP$33+'EU-27_High_2030-2050'!BQ$33+'EU-27_High_2030-2050'!BR$33+'EU-27_High_2030-2050'!BS$33+'EU-27_High_2030-2050'!BT$33+'EU-27_High_2030-2050'!BU$33)/1000000 -> 58.609743 | AA35: ='Conversion factors selected IV '!L$25 -> 0.044842405 | AB35: =N35*AE35 -> 3.2734853 | AC35: =Q35*AE35 -> 4.5864411 | AE35: =1/'IVCs relevant in 2030'!R$16/2 -> 0.083333333 | AF35: =1/'IVCs relevant 2040-2050'!T$16 -> 0.16666667 | AG35: =N35*AA35*AE35 -> 0.14679095 | AH35: =AG35*11630 -> 1707.1788 | AI35: =Q35*AA35*AE35 -> 0.20566705 | AJ35: =AI35*11630 -> 2391.9078 | AK35: =AG35+0.25*(AO35-AG35) -> 0.21960162 | AL35: =AI35+0.24*(AO35-AI35) -> 0.26143503 | AM35: =AG35+0.5*(AO35-AG35) -> 0.2924123 | AN35: =AI35+0.5*(AO35-AI35) -> 0.32185034 | AO35: =X35*AA35*AF35 -> 0.43803364 | BG35: =AO35*11630 -> 5094.3312
A36: 6 | B36: ATJ / MTJ | C36: ATJ-SPK | D36: Biokerosene | E36: Kerosene | F36: Aviation-bio | G36: 8 | H36: 2 | J36: both | K36: ADAPT | R36: =SUM(N36+((T36-N36)/2)) -> 9.46375 | T36: 18.9275 | W36: =SUM(T36+((X36-T36)/2)) -> 9.46375 | AJ36: =SUM(AJ37) -> 0 | AK36: =SUM(AK37) -> 0 | AL36: =SUM(AL37) -> 0 | AM36: =SUM(AM37) -> 0 | AN36: =SUM(AN37) -> 0 | AO36: =SUM(AO37) -> 0 | AP36: =SUM(AP37) -> 0 | AQ36: =SUM(AQ37) -> 0 | ... BG36: =SUM(BG37) -> 0
B37: In scenario 1 | K37: Intermediate Bioenergy carrier (ethanol, methanol) | Q37: not used | AA37: ='Conversion factors selected IV '!L27 -> 0.61622241 | AE37: =1/'IVCs relevant in 2030'!R24 -> 1 | AF37: 1 | AG37: =N37*AA37*AE37 -> 0 | AH37: =AG37*11630 -> 0 | AJ37: =AI37*11630 -> 0 | AK37: =AG37+0.25*(AO37-AG37) -> 0 | AL37: =AI37+0.24*(AO37-AI37) -> 0 | AM37: =AG37+0.5*(AO37-AG37) -> 0 | AN37: =AI37+0.5*(AO37-AI37) -> 0 | AO37: =X37*AA37*AF37 -> 0
B38: In scenario 2 | Q38: 2 | AA38: ='Conversion factors selected IV '!L27 -> 0.61622241 | AB38: =N38*AE38 -> 0 | AC38: =Q38*AE38 -> 2 | AE38: 1 | AF38: 1 | AG38: =N38*AA38*AE38 -> 0 | AI38: =Q38*AA38*AE38 -> 1.2324448 | AK38: =AG38+0.25*(AO38-AG38) -> 0 | AL38: =AI38+0.24*(AO38-AI38) -> 0.93665807 | AM38: =AG38+0.5*(AO38-AG38) -> 0 | AN38: =AI38+0.5*(AO38-AI38) -> 0.61622241 | AO38: =X38*AA38*AF38 -> 0
B39: In scenario 3 | AA39: ='Conversion factors selected IV '!L27 -> 0.61622241 | AB39: =N39*AE39 -> 0 | AC39: =Q39*AE39 -> 0 | AE39: 1 | AF39: 1 | AK39: =AG39+0.25*(AO39-AG39) -> 0 | AL39: =AI39+0.24*(AO39-AI39) -> 0 | AM39: =AG39+0.5*(AO39-AG39) -> 0 | AN39: =AI39+0.5*(AO39-AI39) -> 0 | AO39: =X39*AA39*AF39 -> 0
A40: 7 | B40: Biomethane from Anaerobic Digestion | C40: Biomethane | D40: Biogas | E40: Erdgas | F40: Road-bio 2030 | G40: 9 | H40: 4 | I40: 218.76181 | J40: 2030 | K40: All | N40: =SUM(N41:N49) -> 277.60809 | O40: 541.62469 | P40: 211.56094 | Q40: =SUM(Q41:Q49) -> 407.13034 | R40: =SUM(N40+((T40-N40)/2)) -> 416.72081 | S40: 350.85103 | T40: 555.83354 | U40: 204.36007 | V40: 348.1557 | W40: =SUM(T40+((X40-T40)/2)) -> 512.33404 | X40: =SUM(X41:X49) -> 468.83454 | Y40: =SUM(Y41:Y49) -> 0 | Z40: =SUM(Z41:Z49) -> 0 | AB40: =SUM(AB41:AB49) -> 145.33173 | AC40: =SUM(AC41:AC49) -> 198.99384 | AD40: =SUM(AD41:AD49) -> 200.92527 | AG40: =SUM(AG41:AG49) -> 34.747814 | AH40: =SUM(AH41:AH49) -> 404117.08 | AI40: =SUM(AI41:AI49) -> 50.043725 | AJ40: =SUM(AJ41:AJ49) -> 582008.52 | AK40: =SUM(AK41:AK49) -> 39.851717 | AL40: =SUM(AL41:AL49) -> 51.32365 | AM40: =SUM(AM41:AM49) -> 44.95562 | AN40: =SUM(AN41:AN49) -> 52.603575 | ... BG40: =SUM(BG41:BG49) -> 641550.64
K41: Prunings & damaged crops (olive stones excluded) | L41: 2204, 2205 | M41: Vegetables, fruit, nuts OR food waste for biogasification?? | N41: =SUM('EU-27_Medium_2030'!Q$32+'EU-27_Medium_2030'!R$32)/1000000 -> 8.4952845 | Q41: =SUM('EU-27_High_2030-2050'!Q$33+'EU-27_High_2030-2050'!R$33)/1000000 -> 12.256704 | X41: =SUM('EU-27_High_2030-2050'!BL$33+'EU-27_High_2030-2050'!BM$33)/1000000 -> 11.937508 | AA41: ='Conversion factors selected IV '!L$29 -> 0.60434912 | AB41: =N41*AE41 -> 1.4158808 | AC41: =Q41*AE41 -> 2.0427839 | AD41: =X41*AF41 -> 1.9895847 | AE41: =1/'IVCs relevant in 2030'!R$9 -> 0.16666667 | AF41: =1/'IVCs relevant 2040-2050'!T$9 -> 0.16666667 | AG41: =N41*AA41*AE41 -> 0.85568629 | AH41: =AG41*11630 -> 9951.6316 | AI41: =Q41*AA41*AE41 -> 1.2345547 | AJ41: =AI41*11630 -> 14357.871 | AK41: =AG41+0.25*(AO41-AG41) -> 0.94236566 | AL41: =AI41+0.25*(AO41-AI41) -> 1.226517 | AM41: =AG41+0.5*(AO41-AG41) -> 1.029045 | AN41: =AI41+0.5*(AO41-AI41) -> 1.2184792 | AO41: =X41*AA41*AF41 -> 1.2024038 | BG41: =AO41*11630 -> 13983.956
K42: Lignocrops abandoned degraded | L42: 2101, 2103, 2104, 2106 | M42: Crops nec | N42: =SUM('EU-27_Medium_2030'!E$32+'EU-27_Medium_2030'!G$32+'EU-27_Medium_2030'!H$32+'EU-27_Medium_2030'!J$32)/1000000 -> 5.1230865 | Q42: =SUM('EU-27_High_2030-2050'!E$33+'EU-27_High_2030-2050'!G$33+'EU-27_High_2030-2050'!H$33+'EU-27_High_2030-2050'!J$33)/1000000 -> 8.7381657 | X42: =SUM('EU-27_High_2030-2050'!AZ$33+'EU-27_High_2030-2050'!BB$33+'EU-27_High_2030-2050'!BC$33+'EU-27_High_2030-2050'!BE$33)/1000000 -> 71.430409 | AA42: ='Conversion factors selected IV '!L$30 -> 0.60434912 | AB42: =N42*AE42 -> 0.7318695 | AC42: =Q42*AE42 -> 1.2483094 | AD42: =X42*AF42 -> 10.204344 | AE42: =1/'IVCs relevant in 2030'!R$2 -> 0.14285714 | AF42: =1/'IVCs relevant 2040-2050'!T$2 -> 0.14285714 | AG42: =N42*AA42*AE42 -> 0.44230469 | AH42: =AG42*11630 -> 5144.0036 | AI42: =Q42*AA42*AE42 -> 0.75441469 | AJ42: =AI42*11630 -> 8773.8428 | AK42: =AG42+0.25*(AO42-AG42) -> 1.8734751 | AL42: =AI42+0.25*(AO42-AI42) -> 2.1075576 | AM42: =AG42+0.5*(AO42-AG42) -> 3.3046455 | AN42: =AI42+0.5*(AO42-AI42) -> 3.4607005 | AO42: =X42*AA42*AF42 -> 6.1669864 | BG42: =AO42*11630 -> 71722.052
K43: Lignocrops inter & cover cropping | L43: 2107, 2109 | M43: Crops nec | N43: =SUM('EU-27_Medium_2030'!K$32+'EU-27_Medium_2030'!M$32)/1000000 -> 2.3323785 | Q43: =SUM('EU-27_High_2030-2050'!K$33+'EU-27_High_2030-2050'!M$33)/1000000 -> 6.1393982 | X43: =SUM('EU-27_High_2030-2050'!BF$33+'EU-27_High_2030-2050'!BH$33)/1000000 -> 14.099412 | AA43: ='Conversion factors selected IV '!L$31 -> 0.60434912 | AB43: =N43*AE43 -> 0.33319692 | AC43: =Q43*AE43 -> 0.87705688 | AD43: =X43*AF43 -> 2.0142017 | AE43: =1/'IVCs relevant in 2030'!R$4 -> 0.14285714 | AF43: =1/'IVCs relevant 2040-2050'!T$4 -> 0.14285714 | AG43: =N43*AA43*AE43 -> 0.20136727 | AH43: =AG43*11630 -> 2341.9013 | AI43: =Q43*AA43*AE43 -> 0.53004856 | AJ43: =AI43*11630 -> 6164.4647 | AK43: =AG43+0.25*(AO43-AG43) -> 0.4553457 | AL43: =AI43+0.25*(AO43-AI43) -> 0.70185667 | AM43: =AG43+0.5*(AO43-AG43) -> 0.70932414 | AN43: =AI43+0.5*(AO43-AI43) -> 0.87366479 | AO43: =X43*AA43*AF43 -> 1.217281 | BG43: =AO43*11630 -> 14156.978
K44: Agroprocessing residues | L44: 4201, 4202, 4203, 4204, 4206; 4207; 4208; 4209; 4210;4211; 4214, 4216 | M44: Food waste for treatment: biogasification and land application | N44: =SUM('EU-27_Medium_2030'!AA$32+'EU-27_Medium_2030'!AB$32+'EU-27_Medium_2030'!AC$32+'EU-27_Medium_2030'!AD$32+'EU-27_Medium_2030'!AF$32+'EU-27_Medium_2030'!AG$32+'EU-27_Medium_2030'!AH$32+'EU-27_Medium_2030'!AI$32+'EU-27_Medium_2030'!AJ$32+'EU-27_Medium_2030'!AK$32+'EU-27_Medium_2030'!AL$32+'EU-27_Medium_2030'!AM$32)/1000000 -> 6.5447343 | Q44: =SUM('EU-27_High_2030-2050'!AA$33+'EU-27_High_2030-2050'!AB$33+'EU-27_High_2030-2050'!AC$33+'EU-27_High_2030-2050'!AD$33+'EU-27_High_2030-2050'!AF$33+'EU-27_High_2030-2050'!AG$33+'EU-27_High_2030-2050'!AH$33+'EU-27_High_2030-2050'!AI$33+'EU-27_High_2030-2050'!AJ$33+'EU-27_High_2030-2050'!AK$33+'EU-27_High_2030-2050'!AL$33+'EU-27_High_2030-2050'!AM$33)/1000000 -> 9.7773868 | X44: =SUM('EU-27_High_2030-2050'!BV$33+'EU-27_High_2030-2050'!BW$33+'EU-27_High_2030-2050'!BX$33+'EU-27_High_2030-2050'!BY$33+'EU-27_High_2030-2050'!CA$33+'EU-27_High_2030-2050'!CB$33+'EU-27_High_2030-2050'!CC$33+'EU-27_High_2030-2050'!CD$33+'EU-27_High_2030-2050'!CE$33+'EU-27_High_2030-2050'!CF$33+'EU-27_High_2030-2050'!CG$33+'EU-27_High_2030-2050'!CH$33)/1000000 -> 10.743176 | AA44: ='Conversion factors selected IV '!L$32 -> 0.60434912 | AB44: =N44*AE44 -> 6.5447343 | AC44: =Q44*AE44 -> 9.7773868 | AD44: =X44*AF44 -> 10.743176 | AE44: =1/'IVCs relevant in 2030'!R$11 -> 1 | AF44: =1/'IVCs relevant 2040-2050'!T$11 -> 1 | AG44: =N44*AA44*AE44 -> 3.9553044 | AH44: =AG44*11630 -> 46000.191 | AI44: =Q44*AA44*AE44 -> 5.9089551 | AJ44: =AI44*11630 -> 68721.148 | AK44: =AG44+0.25*(AO44-AG44) -> 4.5896355 | AL44: =AI44+0.25*(AO44-AI44) -> 6.0548736 | AM44: =AG44+0.5*(AO44-AG44) -> 5.2239666 | AN44: =AI44+0.5*(AO44-AI44) -> 6.200792 | AO44: =X44*AA44*AF44 -> 6.4926289 | BG44: =AO44*11630 -> 75509.274
K45: Straw | L45: 2201; 2202; 2203 | M45: Cereal grains nec OR crops nec | N45: =SUM('EU-27_Medium_2030'!N$32+'EU-27_Medium_2030'!O$32+'EU-27_Medium_2030'!P$32)/1000000 -> 130.89264 | Q45: =SUM('EU-27_High_2030-2050'!BI$33+'EU-27_High_2030-2050'!BJ$33+'EU-27_High_2030-2050'!BK$33)/1000000 -> 207.40944 | X45: =SUM('EU-27_High_2030-2050'!BI$33+'EU-27_High_2030-2050'!BJ$33+'EU-27_High_2030-2050'!BK$33)/1000000 -> 207.40944 | AA45: ='Conversion factors selected IV '!L$33 -> 0.60434912 | AB45: =N45*AE45 -> 18.698948 | AC45: =Q45*AE45 -> 29.62992 | AD45: =X45*AF45 -> 29.62992 | AE45: =1/'IVCs relevant in 2030'!R$8 -> 0.14285714 | AF45: =1/'IVCs relevant 2040-2050'!T$8 -> 0.14285714 | AG45: =N45*AA45*AE45 -> 11.300693 | AH45: =AG45*11630 -> 131427.06 | AI45: =Q45*AA45*AE45 -> 17.906816 | AJ45: =AI45*11630 -> 208256.27 | AK45: =AG45+0.25*(AO45-AG45) -> 12.952224 | AL45: =AI45+0.25*(AO45-AI45) -> 17.906816 | AM45: =AG45+0.5*(AO45-AG45) -> 14.603755 | AN45: =AI45+0.5*(AO45-AI45) -> 17.906816 | AO45: =X45*AA45*AF45 -> 17.906816 | BG45: =AO45*11630 -> 208256.27
K46: Manure | L46: 2301; 2302 | M46: Manure (biogas treatment) | N46: =SUM('EU-27_Medium_2030'!S$32+'EU-27_Medium_2030'!T$32)/1000000 -> 96.466868 | Q46: =SUM('EU-27_High_2030-2050'!S$33+'EU-27_High_2030-2050'!T$33)/1000000 -> 128.62249 | X46: =SUM('EU-27_High_2030-2050'!BN$33+'EU-27_High_2030-2050'!BO$33)/1000000 -> 122.94419 | AA46: ='Conversion factors selected IV '!L$34 -> 0.1393579 | AB46: =N46*AE46 -> 96.466868 | AC46: =Q46*AE46 -> 128.62249 | AD46: =X46*AF46 -> 122.94419 | AE46: =1/'IVCs relevant in 2030'!R$10 -> 1 | AF46: =1/'IVCs relevant 2040-2050'!T$10 -> 1 | AG46: =N46*AA46*AE46 -> 13.443421 | AH46: =AG46*11630 -> 156346.98 | AI46: =Q46*AA46*AE46 -> 17.924561 | AJ46: =AI46*11630 -> 208462.64 | AK46: =AG46+0.25*(AO46-AG46) -> 14.365877 | AL46: =AI46+0.25*(AO46-AI46) -> 17.726732 | AM46: =AG46+0.5*(AO46-AG46) -> 15.288333 | AN46: =AI46+0.5*(AO46-AI46) -> 17.528903 | AO46: =X46*AA46*AF46 -> 17.133245 | BG46: =AO46*11630 -> 199259.64
K47: Sewage sludge | L47: 5108 | M47: Sewage sludge for treatment: biogasification and land application | N47: ='EU-27_Medium_2030'!AS$32/1000000 -> 8.8171616 | Q47: ='EU-27_High_2030-2050'!AS$33/1000000 -> 9.8544747 | X47: ='EU-27_High_2030-2050'!CN$33/1000000 -> 9.1607303 | AA47: ='Conversion factors selected IV '!L$35 -> 0.1393579 | AB47: =N47*AE47 -> 2.2042904 | AC47: =Q47*AE47 -> 2.4636187 | AD47: =X47*AF47 -> 2.2901826 | AE47: =1/'IVCs relevant in 2030'!R$18 -> 0.25 | AF47: =1/'IVCs relevant 2040-2050'!T$18 -> 0.25 | AG47: =N47*AA47*AE47 -> 0.30718529 | AH47: =AG47*11630 -> 3572.5649 | AI47: =Q47*AA47*AE47 -> 0.34332474 | AJ47: =AI47*11630 -> 3992.8667 | AK47: =AG47+0.25*(AO47-AG47) -> 0.31017773 | AL47: =AI47+0.25*(AO47-AI47) -> 0.33728231 | AM47: =AG47+0.5*(AO47-AG47) -> 0.31317017 | AN47: =AI47+0.5*(AO47-AI47) -> 0.33123989 | AO47: =X47*AA47*AF47 -> 0.31915504 | BG47: =AO47*11630 -> 3711.7732
K48: Biowastes (post consumer woods excluded) | L48: 5101, 5102, 5104 | M48: Food waste for treatment: biogasification and land application | N48: =SUM('EU-27_Medium_2030'!AN$32+'EU-27_Medium_2030'!AO$32+'EU-27_Medium_2030'!AP$32)/1000000 -> 18.294938 | Q48: =SUM('EU-27_High_2030-2050'!AN$33+'EU-27_High_2030-2050'!AO$33+'EU-27_High_2030-2050'!AP$33)/1000000 -> 23.691277 | X48: =SUM('EU-27_High_2030-2050'!CI$33+'EU-27_High_2030-2050'!CJ$33+'EU-27_High_2030-2050'!CK$33)/1000000 -> 20.468674 | AA48: ='Conversion factors selected IV '!L$36 -> 0.2222242 | AB48: =N48*AE48 -> 18.294938 | AC48: =Q48*AE48 -> 23.691277 | AD48: =X48*AF48 -> 20.468674 | AE48: =1/'IVCs relevant in 2030'!R$19 -> 1 | AF48: =1/'IVCs relevant 2040-2050'!T$19 -> 1 | AG48: =N48*AA48*AE48 -> 4.0655781 | AH48: =AG48*11630 -> 47282.673 | AI48: =Q48*AA48*AE48 -> 5.264775 | AJ48: =AI48*11630 -> 61229.334 | AK48: =AG48+0.25*(AO48-AG48) -> 4.1863422 | AL48: =AI48+0.25*(AO48-AI48) -> 5.08574 | AM48: =AG48+0.5*(AO48-AG48) -> 4.3071064 | AN48: =AI48+0.5*(AO48-AI48) -> 4.9067049 | AO48: =X48*AA48*AF48 -> 4.5486348 | BG48: =AO48*11630 -> 52900.623
K49: Intermediate Bioenergy carrier (crude glycerine) | L49: 4217 | N49: ='[5]Feedstock availability per IVC'!$F$32 -> 0.641 | Q49: ='[5]Feedstock availability per IVC'!$F$32 -> 0.641 | X49: ='[5]Feedstock availability per IVC'!$M$32 -> 0.641 | AA49: ='Conversion factors selected IV '!L37 -> 0.275 | AB49: =N49*AE49 -> 0.641 | AC49: =Q49*AE49 -> 0.641 | AD49: =X49*AF49 -> 0.641 | AE49: =1/'IVCs relevant in 2030'!R$12 -> 1 | AF49: =1 -> 1 | AG49: =N49*AA49*AE49 -> 0.176275 | AH49: =AG49*11630 -> 2050.0783 | AI49: =Q49*AA49*AE49 -> 0.176275 | AJ49: =AI49*11630 -> 2050.0783 | AK49: =AG49+0.25*(AO49-AG49) -> 0.176275 | AL49: =AI49+0.25*(AO49-AI49) -> 0.176275 | AM49: =AG49+0.5*(AO49-AG49) -> 0.176275 | AN49: =AI49+0.5*(AO49-AI49) -> 0.176275 | AO49: =X49*AA49*AF49 -> 0.176275 | BG49: =AO49*11630 -> 2050.0783
A50: 8a | B50: Gasification and Methanol Synthesis | C50: Methanol | D50: Bio-HFO | E50: heavy fuel oil | F50: Maritime-bio | J50: both | K50: All | N50: =SUM(N51:N60) -> 252.76749 | O50: =SUM(O51:O60) -> 0 | P50: =SUM(P51:P60) -> 0 | Q50: =SUM(Q51:Q60) -> 365.13131 | R50: =SUM(R51:R60) -> 0 | S50: =SUM(S51:S60) -> 0 | T50: =SUM(T51:T60) -> 0 | U50: =SUM(U51:U60) -> 0 | ... X50: =SUM(X51:X60) -> 443.19996 | AB50: =SUM(AB51:AB60) -> 41.755582 | AC50: =SUM(AC51:AC60) -> 58.944139 | AD50: =SUM(AD51:AD60) -> 68.218782 | AG50: =SUM(AG51:AG60) -> 9.1567261 | AH50: =SUM(AH51:AH60) -> 106492.72 | AI50: =SUM(AI51:AI60) -> 12.9042 | AJ50: =SUM(AJ51:AJ60) -> 150075.84 | AK50: =SUM(AK51:AK60) -> 10.508182 | AL50: =SUM(AL51:AL60) -> 13.318787 | AM50: =SUM(AM51:AM60) -> 11.859639 | AN50: =SUM(AN51:AN60) -> 13.733375 | ... BG50: =SUM(BG51:BG60) -> 169362.47
K51: Straw | L51: 2201; 2202; 2203 | N51: =SUM('EU-27_Medium_2030'!N32+'EU-27_Medium_2030'!O32+'EU-27_Medium_2030'!P32)/1000000 -> 130.89264 | Q51: =SUM('EU-27_High_2030-2050'!BI33+'EU-27_High_2030-2050'!BJ33+'EU-27_High_2030-2050'!BK33)/1000000 -> 207.40944 | X51: =SUM('EU-27_High_2030-2050'!BI33+'EU-27_High_2030-2050'!BJ33+'EU-27_High_2030-2050'!BK33)/1000000 -> 207.40944 | AA51: ='Conversion factors selected IV '!L$39 -> 0.2108033 | AB51: =N51*AE51 -> 18.698948 | AC51: =Q51*AE51 -> 29.62992 | AD51: =X51*AF51 -> 29.62992 | AE51: =1/'IVCs relevant in 2030'!R$8 -> 0.14285714 | AF51: =1/'IVCs relevant 2040-2050'!T$8 -> 0.14285714 | AG51: =N51*AA51*AE51 -> 3.9417999 | AH51: =AG51*11630 -> 45843.133 | AI51: =Q51*AA51*AE51 -> 6.2460849 | AJ51: =AI51*11630 -> 72641.967 | AK51: =AG51+0.25*(AO51-AG51) -> 4.5178711 | AL51: =AI51+0.25*(AO51-AI51) -> 6.2460849 | AM51: =AG51+0.5*(AO51-AG51) -> 5.0939424 | AN51: =AI51+0.5*(AO51-AI51) -> 6.2460849 | AO51: =X51*AA51*AF51 -> 6.2460849 | BG51: =AO51*11630 -> 72641.967
K52: Prunings & damaged crops | L52: 2204; 2205; 4205; | N52: =SUM('EU-27_Medium_2030'!Q32+'EU-27_Medium_2030'!R32)/1000000 -> 8.4952845 | Q52: =SUM('EU-27_High_2030-2050'!Q33+'EU-27_High_2030-2050'!R33+'EU-27_High_2030-2050'!AE33)/1000000 -> 12.257725 | X52: =SUM('EU-27_High_2030-2050'!BL33+'EU-27_High_2030-2050'!BM33+'EU-27_High_2030-2050'!BZ33)/1000000 -> 11.938639 | AA52: ='Conversion factors selected IV '!L$40 -> 0.2108033 | AB52: =N52*AE52 -> 1.4158808 | AC52: =Q52*AE52 -> 2.0429542 | AD52: =X52*AF52 -> 1.9897732 | AE52: =1/'IVCs relevant in 2030'!R$9 -> 0.16666667 | AF52: =1/'IVCs relevant 2040-2050'!T$9 -> 0.16666667 | AG52: =N52*AA52*AE52 -> 0.29847233 | AH52: =AG52*11630 -> 3471.2332 | AI52: =Q52*AA52*AE52 -> 0.43066149 | AJ52: =AI52*11630 -> 5008.5931 | AK52: =AG52+0.25*(AO52-AG52) -> 0.32871694 | AL52: =AI52+0.25*(AO52-AI52) -> 0.4278588 | AM52: =AG52+0.5*(AO52-AG52) -> 0.35896154 | AN52: =AI52+0.5*(AO52-AI52) -> 0.42505612 | AO52: =X52*AA52*AF52 -> 0.41945075 | BG52: =AO52*11630 -> 4878.2122
K53: Sewage sludge | L53: 5108 | N53: ='EU-27_Medium_2030'!AS32/1000000 -> 8.8171616 | Q53: ='EU-27_High_2030-2050'!AS33/1000000 -> 9.8544747 | X53: ='EU-27_High_2030-2050'!CN33/1000000 -> 9.1607303 | AA53: ='Conversion factors selected IV '!L$41 -> 0.14707207 | AB53: =N53*AE53 -> 2.2042904 | AC53: =Q53*AE53 -> 2.4636187 | AD53: =X53*AF53 -> 2.2901826 | AE53: =1/'IVCs relevant in 2030'!R$18 -> 0.25 | AF53: =1/'IVCs relevant 2040-2050'!T$18 -> 0.25 | AG53: =N53*AA53*AE53 -> 0.32418955 | AH53: =AG53*11630 -> 3770.3244 | AI53: =Q53*AA53*AE53 -> 0.3623295 | AJ53: =AI53*11630 -> 4213.892 | AK53: =AG53+0.25*(AO53-AG53) -> 0.32734763 | AL53: =AI53+0.25*(AO53-AI53) -> 0.35595259 | AM53: =AG53+0.5*(AO53-AG53) -> 0.33050572 | AN53: =AI53+0.5*(AO53-AI53) -> 0.34957569 | AO53: =X53*AA53*AF53 -> 0.33682189 | BG53: =AO53*11630 -> 3917.2385
